Afghanistan,2001,3809767
Afghanistan,2002,2510294
Afghanistan,2003,2136043
Afghanistan,2004,2414468
Afghanistan,2005,2166149
Afghanistan,2006,2107519
Afghanistan,2007,3057661
Afghanistan,2008,2833128
Afghanistan,2009,2887123
Afghanistan,2010,3054709
Afghanistan,2011,2664436
Afghanistan,2012,2586152
Afghanistan,2013,2556502
Afghanistan,2014,2596270
Afghanistan,2015,2666305
Afghanistan,2016,2501445
Albania,2001,7626
Albania,2002,10761
Albania,2003,10385
Albania,2004,10478
Albania,2005,12722
Albania,2006,14079
Albania,2007,15340
Albania,2008,15006
Albania,2009,15711
Albania,2010,14772
Albania,2011,13551
Albania,2012,12568
Albania,2013,10103
Albania,2014,10158
Albania,2015,10408
Albania,2016,11065
Algeria,2001,8418
Algeria,2002,12107
Algeria,2003,11667
Algeria,2004,10673
Algeria,2005,12041
Algeria,2006,8353
Algeria,2007,10615
Algeria,2008,9060
Algeria,2009,8185
Algeria,2010,6689
Algeria,2011,6121
Algeria,2012,5677
Algeria,2013,3660
Algeria,2014,3524
Algeria,2015,3490
Algeria,2016,3726
Andorra,2001,1
Andorra,2002,10
Andorra,2003,10
Andorra,2004,3
Andorra,2005,9
Andorra,2006,10
Andorra,2007,9
Andorra,2008,6
Andorra,2009,6
Andorra,2010,6
Andorra,2011,6
Andorra,2012,7
Andorra,2013,5
Andorra,2014,7
Andorra,2015,5
Andorra,2016,2
Angola,2001,470625
Angola,2002,435421
Angola,2003,329583
Angola,2004,228851
Angola,2005,215827
Angola,2006,206501
Angola,2007,186155
Angola,2008,171393
Angola,2009,141021
Angola,2010,134858
Angola,2011,128664
Angola,2012,19258
Angola,2013,10286
Angola,2014,9484
Angola,2015,11869
Angola,2016,8404
Anguilla,2014,1
Anguilla,2015,1
Anguilla,2016,1
Antigua and Barbuda,2001,4
Antigua and Barbuda,2002,5
Antigua and Barbuda,2003,5
Antigua and Barbuda,2004,13
Antigua and Barbuda,2005,13
Antigua and Barbuda,2006,19
Antigua and Barbuda,2007,25
Antigua and Barbuda,2008,26
Antigua and Barbuda,2009,28
Antigua and Barbuda,2010,30
Antigua and Barbuda,2011,32
Antigua and Barbuda,2012,45
Antigua and Barbuda,2013,49
Antigua and Barbuda,2014,53
Antigua and Barbuda,2015,56
Antigua and Barbuda,2016,83
Argentina,2001,659
Argentina,2002,771
Argentina,2003,784
Argentina,2004,796
Argentina,2005,856
Argentina,2006,894
Argentina,2007,1171
Argentina,2008,1047
Argentina,2009,608
Argentina,2010,557
Argentina,2011,518
Argentina,2012,447
Argentina,2013,388
Argentina,2014,318
Argentina,2015,194
Argentina,2016,128
Armenia,2001,7207
Armenia,2002,13249
Armenia,2003,13162
Armenia,2004,13410
Armenia,2005,13965
Armenia,2006,14917
Armenia,2007,15436
Armenia,2008,16336
Armenia,2009,18000
Armenia,2010,17547
Armenia,2011,16487
Armenia,2012,15935
Armenia,2013,11998
Armenia,2014,11848
Armenia,2015,11214
Armenia,2016,10719
Australia,2001,1
Australia,2002,10
Australia,2003,15
Australia,2004,13
Australia,2005,44
Australia,2006,29
Australia,2007,63
Australia,2008,43
Australia,2009,28
Australia,2010,37
Australia,2011,39
Australia,2012,48
Australia,2013,28
Australia,2014,25
Australia,2015,20
Australia,2016,14
Austria,2001,29
Austria,2002,72
Austria,2003,66
Austria,2004,47
Austria,2005,66
Austria,2006,34
Austria,2007,23
Austria,2008,14
Austria,2009,12
Austria,2010,10
Austria,2011,11
Austria,2012,12
Austria,2013,10
Austria,2014,10
Austria,2015,4
Austria,2016,6
Azerbaijan,2001,268759
Azerbaijan,2002,260214
Azerbaijan,2003,253255
Azerbaijan,2004,250589
Azerbaijan,2005,233675
Azerbaijan,2006,126068
Azerbaijan,2007,15916
Azerbaijan,2008,16319
Azerbaijan,2009,16939
Azerbaijan,2010,16753
Azerbaijan,2011,16162
Azerbaijan,2012,15537
Azerbaijan,2013,10814
Azerbaijan,2014,10515
Azerbaijan,2015,9710
Azerbaijan,2016,10112
Bahamas,2002,1
Bahamas,2003,1
Bahamas,2004,1
Bahamas,2005,1
Bahamas,2006,14
Bahamas,2007,14
Bahamas,2008,15
Bahamas,2009,15
Bahamas,2010,17
Bahamas,2011,185
Bahamas,2012,196
Bahamas,2013,210
Bahamas,2014,215
Bahamas,2015,215
Bahamas,2016,299
Bahrain,2001,46
Bahrain,2002,50
Bahrain,2003,52
Bahrain,2004,52
Bahrain,2005,41
Bahrain,2006,62
Bahrain,2007,73
Bahrain,2008,80
Bahrain,2009,79
Bahrain,2010,87
Bahrain,2011,215
Bahrain,2012,297
Bahrain,2013,275
Bahrain,2014,347
Bahrain,2015,421
Bahrain,2016,462
Bangladesh,2001,5548
Bangladesh,2002,5808
Bangladesh,2003,5565
Bangladesh,2004,5731
Bangladesh,2005,7304
Bangladesh,2006,7803
Bangladesh,2007,10243
Bangladesh,2008,10098
Bangladesh,2009,10432
Bangladesh,2010,10049
Bangladesh,2011,10056
Bangladesh,2012,10161
Bangladesh,2013,9728
Bangladesh,2014,10883
Bangladesh,2015,12173
Bangladesh,2016,13850
Barbados,2001,7
Barbados,2002,9
Barbados,2003,11
Barbados,2004,7
Barbados,2005,8
Barbados,2006,27
Barbados,2007,38
Barbados,2008,34
Barbados,2009,29
Barbados,2010,32
Barbados,2011,45
Barbados,2012,55
Barbados,2013,67
Barbados,2014,86
Barbados,2015,99
Barbados,2016,148
Belarus,2001,3696
Belarus,2002,6364
Belarus,2003,7815
Belarus,2004,8231
Belarus,2005,8857
Belarus,2006,9370
Belarus,2007,4970
Belarus,2008,5384
Belarus,2009,5525
Belarus,2010,5743
Belarus,2011,5925
Belarus,2012,6191
Belarus,2013,4397
Belarus,2014,4300
Belarus,2015,4125
Belarus,2016,3840
Belgium,2001,13
Belgium,2002,27
Belgium,2003,40
Belgium,2004,45
Belgium,2005,95
Belgium,2006,64
Belgium,2007,60
Belgium,2008,61
Belgium,2009,71
Belgium,2010,83
Belgium,2011,90
Belgium,2012,93
Belgium,2013,78
Belgium,2014,75
Belgium,2015,65
Belgium,2016,45
Belize,2002,1
Belize,2003,10
Belize,2004,9
Belize,2005,8
Belize,2006,18
Belize,2007,17
Belize,2008,20
Belize,2009,17
Belize,2010,23
Belize,2011,32
Belize,2012,39
Belize,2013,40
Belize,2014,45
Belize,2015,51
Belize,2016,57
Benin,2001,55
Benin,2002,232
Benin,2003,282
Benin,2004,309
Benin,2005,411
Benin,2006,215
Benin,2007,271
Benin,2008,318
Benin,2009,411
Benin,2010,442
Benin,2011,461
Benin,2012,457
Benin,2013,302
Benin,2014,340
Benin,2015,412
Benin,2016,489
Bermuda,2001,1
Bermuda,2002,1
Bermuda,2005,2
Bhutan,2001,110845
Bhutan,2002,112523
Bhutan,2003,103978
Bhutan,2004,105255
Bhutan,2005,106537
Bhutan,2006,108073
Bhutan,2007,110598
Bhutan,2008,104965
Bhutan,2009,89070
Bhutan,2010,75070
Bhutan,2011,57989
Bhutan,2012,41590
Bhutan,2013,31567
Bhutan,2014,23642
Bhutan,2015,17720
Bhutan,2016,11757
Bolivia,2001,156
Bolivia,2002,219
Bolivia,2003,264
Bolivia,2004,285
Bolivia,2005,269
Bolivia,2006,374
Bolivia,2007,428
Bolivia,2008,454
Bolivia,2009,573
Bolivia,2010,590
Bolivia,2011,611
Bolivia,2012,618
Bolivia,2013,601
Bolivia,2014,600
Bolivia,2015,571
Bolivia,2016,537
Bosnia and Herzegovina,2001,447321
Bosnia and Herzegovina,2002,406448
Bosnia and Herzegovina,2003,300006
Bosnia and Herzegovina,2004,228807
Bosnia and Herzegovina,2005,109930
Bosnia and Herzegovina,2006,199946
Bosnia and Herzegovina,2007,78273
Bosnia and Herzegovina,2008,74366
Bosnia and Herzegovina,2009,70018
Bosnia and Herzegovina,2010,63004
Bosnia and Herzegovina,2011,58578
Bosnia and Herzegovina,2012,51822
Bosnia and Herzegovina,2013,26790
Bosnia and Herzegovina,2014,21888
Bosnia and Herzegovina,2015,18769
Bosnia and Herzegovina,2016,18199
Botswana,2001,2
Botswana,2002,5
Botswana,2003,5
Botswana,2004,6
Botswana,2005,4
Botswana,2006,11
Botswana,2007,16
Botswana,2008,26
Botswana,2009,30
Botswana,2010,53
Botswana,2011,85
Botswana,2012,127
Botswana,2013,168
Botswana,2014,237
Botswana,2015,308
Botswana,2016,272
Brazil,2001,254
Brazil,2002,441
Brazil,2003,378
Brazil,2004,403
Brazil,2005,370
Brazil,2006,707
Brazil,2007,1624
Brazil,2008,1404
Brazil,2009,973
Brazil,2010,994
Brazil,2011,1045
Brazil,2012,1076
Brazil,2013,985
Brazil,2014,977
Brazil,2015,895
Brazil,2016,809
Brunei Darussalam,2002,2
Brunei Darussalam,2003,1
Brunei Darussalam,2004,1
Brunei Darussalam,2005,49
Brunei Darussalam,2006,2
Brunei Darussalam,2007,2
Brunei Darussalam,2008,1
Brunei Darussalam,2009,1
Brunei Darussalam,2010,1
Brunei Darussalam,2011,1
Brunei Darussalam,2012,1
Brunei Darussalam,2013,1
Brunei Darussalam,2014,1
Brunei Darussalam,2016,1
Bulgaria,2001,2121
Bulgaria,2002,2841
Bulgaria,2003,2567
Bulgaria,2004,2231
Bulgaria,2005,4254
Bulgaria,2006,3438
Bulgaria,2007,3311
Bulgaria,2008,3040
Bulgaria,2009,2745
Bulgaria,2010,2559
Bulgaria,2011,2327
Bulgaria,2012,2147
Bulgaria,2013,1880
Bulgaria,2014,1648
Bulgaria,2015,1269
Bulgaria,2016,805
Burkina Faso,2001,98
Burkina Faso,2002,978
Burkina Faso,2003,853
Burkina Faso,2004,577
Burkina Faso,2005,607
Burkina Faso,2006,377
Burkina Faso,2007,558
Burkina Faso,2008,725
Burkina Faso,2009,990
Burkina Faso,2010,1145
Burkina Faso,2011,1271
Burkina Faso,2012,1460
Burkina Faso,2013,1584
Burkina Faso,2014,1857
Burkina Faso,2015,2148
Burkina Faso,2016,2357
Burundi,2001,553999
Burundi,2002,574557
Burundi,2003,531637
Burundi,2004,485767
Burundi,2005,438706
Burundi,2006,396541
Burundi,2007,375727
Burundi,2008,281592
Burundi,2009,94239
Burundi,2010,84064
Burundi,2011,101288
Burundi,2012,73363
Burundi,2013,72647
Burundi,2014,72493
Burundi,2015,292764
Burundi,2016,408085
Cabo Verde,2001,4
Cabo Verde,2002,8
Cabo Verde,2003,9
Cabo Verde,2004,8
Cabo Verde,2005,5
Cabo Verde,2006,40
Cabo Verde,2007,32
Cabo Verde,2008,30
Cabo Verde,2009,24
Cabo Verde,2010,25
Cabo Verde,2011,27
Cabo Verde,2012,25
Cabo Verde,2013,28
Cabo Verde,2014,27
Cabo Verde,2015,28
Cabo Verde,2016,13
Cambodia,2001,34759
Cambodia,2002,33456
Cambodia,2003,31407
Cambodia,2004,18115
Cambodia,2005,17806
Cambodia,2006,17965
Cambodia,2007,17704
Cambodia,2008,17253
Cambodia,2009,17025
Cambodia,2010,16314
Cambodia,2011,15205
Cambodia,2012,14024
Cambodia,2013,13747
Cambodia,2014,13071
Cambodia,2015,12803
Cambodia,2016,12429
Cameroon,2001,2724
Cameroon,2002,5225
Cameroon,2003,6206
Cameroon,2004,7627
Cameroon,2005,9101
Cameroon,2006,10385
Cameroon,2007,11508
Cameroon,2008,13870
Cameroon,2009,14766
Cameroon,2010,14963
Cameroon,2011,15163
Cameroon,2012,13382
Cameroon,2013,11427
Cameroon,2014,10766
Cameroon,2015,10586
Cameroon,2016,10374
Canada,2001,4
Canada,2002,51
Canada,2003,60
Canada,2004,56
Canada,2005,122
Canada,2006,95
Canada,2007,530
Canada,2008,101
Canada,2009,99
Canada,2010,90
Canada,2011,109
Canada,2012,123
Canada,2013,99
Canada,2014,95
Canada,2015,80
Canada,2016,84
Cayman Islands,2010,1
Cayman Islands,2011,1
Cayman Islands,2012,1
Cayman Islands,2013,6
Cayman Islands,2014,6
Cayman Islands,2015,6
Cayman Islands,2016,7
Central African Rep.,2001,28704
Central African Rep.,2002,25376
Central African Rep.,2003,35400
Central African Rep.,2004,31067
Central African Rep.,2005,42890
Central African Rep.,2006,71685
Central African Rep.,2007,98104
Central African Rep.,2008,125106
Central African Rep.,2009,159554
Central African Rep.,2010,164905
Central African Rep.,2011,162862
Central African Rep.,2012,164568
Central African Rep.,2013,252867
Central African Rep.,2014,412041
Central African Rep.,2015,471105
Central African Rep.,2016,490892
Chad,2001,46294
Chad,2002,47349
Chad,2003,52275
Chad,2004,52655
Chad,2005,48400
Chad,2006,36300
Chad,2007,55722
Chad,2008,55105
Chad,2009,55014
Chad,2010,53733
Chad,2011,42640
Chad,2012,39694
Chad,2013,48640
Chad,2014,48258
Chad,2015,14940
Chad,2016,14193
Chile,2001,834
Chile,2002,1709
Chile,2003,1555
Chile,2004,1194
Chile,2005,938
Chile,2006,805
Chile,2007,970
Chile,2008,994
Chile,2009,1312
Chile,2010,1170
Chile,2011,1189
Chile,2012,1152
Chile,2013,596
Chile,2014,579
Chile,2015,561
Chile,2016,498
China,2001,117409
China,2002,132115
China,2003,132406
China,2004,134722
China,2005,124101
China,2006,140598
China,2007,149095
China,2008,175180
China,2009,180558
China,2010,184602
China,2011,190369
China,2012,193453
China,2013,195133
China,2014,210802
China,2015,212912
China,2016,207772
Colombia,2001,17938
Colombia,2002,30625
Colombia,2003,37995
Colombia,2004,47381
Colombia,2005,60450
Colombia,2006,72796
Colombia,2007,551744
Colombia,2008,373532
Colombia,2009,389753
Colombia,2010,395577
Colombia,2011,395949
Colombia,2012,394117
Colombia,2013,396717
Colombia,2014,360298
Colombia,2015,340127
Colombia,2016,311062
Comoros,2001,26
Comoros,2002,43
Comoros,2003,58
Comoros,2004,50
Comoros,2005,61
Comoros,2006,72
Comoros,2007,96
Comoros,2008,378
Comoros,2009,268
Comoros,2010,368
Comoros,2011,422
Comoros,2012,454
Comoros,2013,513
Comoros,2014,581
Comoros,2015,551
Comoros,2016,576
Congo,2001,24237
Congo,2002,28002
Congo,2003,28958
Congo,2004,28144
Congo,2005,24438
Congo,2006,20608
Congo,2007,19735
Congo,2008,19925
Congo,2009,20544
Congo,2010,20679
Congo,2011,12839
Congo,2012,12119
Congo,2013,11753
Congo,2014,14500
Congo,2015,14781
Congo,2016,13302
Cook Islands,2009,1
Cook Islands,2010,1
Cook Islands,2011,1
Cook Islands,2012,1
Cook Islands,2013,1
Cook Islands,2014,1
Cook Islands,2015,1
Cook Islands,2016,1
Costa Rica,2001,86
Costa Rica,2002,98
Costa Rica,2003,92
Costa Rica,2004,138
Costa Rica,2005,178
Costa Rica,2006,284
Costa Rica,2007,361
Costa Rica,2008,354
Costa Rica,2009,344
Costa Rica,2010,352
Costa Rica,2011,331
Costa Rica,2012,325
Costa Rica,2013,463
Costa Rica,2014,417
Costa Rica,2015,379
Costa Rica,2016,208
Croatia,2001,290279
Croatia,2002,274818
Croatia,2003,230189
Croatia,2004,215477
Croatia,2005,119148
Croatia,2006,93767
Croatia,2007,100423
Croatia,2008,97012
Croatia,2009,76478
Croatia,2010,65861
Croatia,2011,62649
Croatia,2012,62606
Croatia,2013,49756
Croatia,2014,40122
Croatia,2015,33451
Croatia,2016,26230
Cuba,2001,18959
Cuba,2002,18043
Cuba,2003,16093
Cuba,2004,15675
Cuba,2005,19000
Cuba,2006,33580
Cuba,2007,7503
Cuba,2008,7938
Cuba,2009,7549
Cuba,2010,7477
Cuba,2011,7856
Cuba,2012,7731
Cuba,2013,7460
Cuba,2014,7502
Cuba,2015,6833
Cuba,2016,5948
Curaçao,2013,35
Curaçao,2014,35
Curaçao,2015,35
Curaçao,2016,35
Cyprus,2001,5
Cyprus,2002,7
Cyprus,2003,5
Cyprus,2004,2
Cyprus,2005,5
Cyprus,2006,5
Cyprus,2007,9
Cyprus,2008,10
Cyprus,2009,11
Cyprus,2010,13
Cyprus,2011,11
Cyprus,2012,11
Cyprus,2013,10
Cyprus,2014,10
Cyprus,2015,4
Cyprus,2016,2
Czechia,2001,1179
Czechia,2002,6984
Czechia,2003,6702
Czechia,2004,4528
Czechia,2005,3589
Czechia,2006,2138
Czechia,2007,1384
Czechia,2008,1358
Czechia,2009,1067
Czechia,2010,817
Czechia,2011,763
Czechia,2012,622
Czechia,2013,991
Czechia,2014,1327
Czechia,2015,1285
Czechia,2016,1271
Côte d'Ivoire,2001,858
Côte d'Ivoire,2002,23741
Côte d'Ivoire,2003,33637
Côte d'Ivoire,2004,23660
Côte d'Ivoire,2005,18338
Côte d'Ivoire,2006,26315
Côte d'Ivoire,2007,22232
Côte d'Ivoire,2008,22227
Côte d'Ivoire,2009,23153
Côte d'Ivoire,2010,41758
Côte d'Ivoire,2011,154824
Côte d'Ivoire,2012,100720
Côte d'Ivoire,2013,85652
Côte d'Ivoire,2014,71966
Côte d'Ivoire,2015,71115
Côte d'Ivoire,2016,46813
Dem. People's Rep. of Korea,2001,19
Dem. People's Rep. of Korea,2002,259
Dem. People's Rep. of Korea,2003,304
Dem. People's Rep. of Korea,2004,343
Dem. People's Rep. of Korea,2005,288
Dem. People's Rep. of Korea,2006,398
Dem. People's Rep. of Korea,2007,605
Dem. People's Rep. of Korea,2008,886
Dem. People's Rep. of Korea,2009,881
Dem. People's Rep. of Korea,2010,917
Dem. People's Rep. of Korea,2011,1052
Dem. People's Rep. of Korea,2012,1132
Dem. People's Rep. of Korea,2013,1167
Dem. People's Rep. of Korea,2014,1282
Dem. People's Rep. of Korea,2015,1101
Dem. People's Rep. of Korea,2016,1422
Dem. Rep. of the Congo,2001,392146
Dem. Rep. of the Congo,2002,421362
Dem. Rep. of the Congo,2003,453465
Dem. Rep. of the Congo,2004,462191
Dem. Rep. of the Congo,2005,430929
Dem. Rep. of the Congo,2006,401914
Dem. Rep. of the Congo,2007,370374
Dem. Rep. of the Congo,2008,367995
Dem. Rep. of the Congo,2009,455852
Dem. Rep. of the Congo,2010,476693
Dem. Rep. of the Congo,2011,491481
Dem. Rep. of the Congo,2012,509290
Dem. Rep. of the Congo,2013,499563
Dem. Rep. of the Congo,2014,516771
Dem. Rep. of the Congo,2015,541496
Dem. Rep. of the Congo,2016,537473
Denmark,2001,3
Denmark,2002,8
Denmark,2003,10
Denmark,2004,10
Denmark,2005,12
Denmark,2006,12
Denmark,2007,14
Denmark,2008,11
Denmark,2009,10
Denmark,2010,9
Denmark,2011,9
Denmark,2012,9
Denmark,2013,10
Denmark,2014,12
Denmark,2015,9
Denmark,2016,2
Djibouti,2001,452
Djibouti,2002,471
Djibouti,2003,522
Djibouti,2004,495
Djibouti,2005,504
Djibouti,2006,485
Djibouti,2007,648
Djibouti,2008,650
Djibouti,2009,622
Djibouti,2010,566
Djibouti,2011,602
Djibouti,2012,640
Djibouti,2013,762
Djibouti,2014,879
Djibouti,2015,1069
Djibouti,2016,1440
Dominica,2001,5
Dominica,2002,6
Dominica,2003,17
Dominica,2004,25
Dominica,2005,30
Dominica,2006,49
Dominica,2007,58
Dominica,2008,56
Dominica,2009,53
Dominica,2010,52
Dominica,2011,52
Dominica,2012,54
Dominica,2013,43
Dominica,2014,38
Dominica,2015,38
Dominica,2016,24
Dominican Rep.,2001,46
Dominican Rep.,2002,83
Dominican Rep.,2003,92
Dominican Rep.,2004,97
Dominican Rep.,2005,67
Dominican Rep.,2006,150
Dominican Rep.,2007,358
Dominican Rep.,2008,318
Dominican Rep.,2009,230
Dominican Rep.,2010,246
Dominican Rep.,2011,250
Dominican Rep.,2012,289
Dominican Rep.,2013,306
Dominican Rep.,2014,349
Dominican Rep.,2015,382
Dominican Rep.,2016,361
Ecuador,2001,653
Ecuador,2002,822
Ecuador,2003,730
Ecuador,2004,727
Ecuador,2005,775
Ecuador,2006,887
Ecuador,2007,1332
Ecuador,2008,1066
Ecuador,2009,1027
Ecuador,2010,852
Ecuador,2011,909
Ecuador,2012,844
Ecuador,2013,707
Ecuador,2014,804
Ecuador,2015,1009
Ecuador,2016,1046
Egypt,2001,4678
Egypt,2002,6443
Egypt,2003,5735
Egypt,2004,5371
Egypt,2005,6291
Egypt,2006,7613
Egypt,2007,6799
Egypt,2008,6780
Egypt,2009,6990
Egypt,2010,6913
Egypt,2011,7936
Egypt,2012,10020
Egypt,2013,12810
Egypt,2014,15903
Egypt,2015,17926
Egypt,2016,19796
El Salvador,2001,7150
El Salvador,2002,6632
El Salvador,2003,5658
El Salvador,2004,4497
El Salvador,2005,4281
El Salvador,2006,6388
El Salvador,2007,6022
El Salvador,2008,5151
El Salvador,2009,5051
El Salvador,2010,4976
El Salvador,2011,6720
El Salvador,2012,8171
El Salvador,2013,9635
El Salvador,2014,10965
El Salvador,2015,14778
El Salvador,2016,19614
Equatorial Guinea,2001,529
Equatorial Guinea,2002,552
Equatorial Guinea,2003,591
Equatorial Guinea,2004,546
Equatorial Guinea,2005,477
Equatorial Guinea,2006,461
Equatorial Guinea,2007,407
Equatorial Guinea,2008,384
Equatorial Guinea,2009,344
Equatorial Guinea,2010,305
Equatorial Guinea,2011,258
Equatorial Guinea,2012,228
Equatorial Guinea,2013,200
Equatorial Guinea,2014,174
Equatorial Guinea,2015,154
Equatorial Guinea,2016,142
Eritrea,2001,333229
Eritrea,2002,318176
Eritrea,2003,124121
Eritrea,2004,131123
Eritrea,2005,144066
Eritrea,2006,193745
Eritrea,2007,208748
Eritrea,2008,186398
Eritrea,2009,209168
Eritrea,2010,222460
Eritrea,2011,251954
Eritrea,2012,285371
Eritrea,2013,308236
Eritrea,2014,363092
Eritrea,2015,407449
Eritrea,2016,459430
Estonia,2001,479
Estonia,2002,1060
Estonia,2003,1027
Estonia,2004,855
Estonia,2005,743
Estonia,2006,627
Estonia,2007,262
Estonia,2008,248
Estonia,2009,248
Estonia,2010,240
Estonia,2011,224
Estonia,2012,456
Estonia,2013,352
Estonia,2014,339
Estonia,2015,318
Estonia,2016,305
Ethiopia,2001,58997
Ethiopia,2002,61240
Ethiopia,2003,62677
Ethiopia,2004,63150
Ethiopia,2005,65461
Ethiopia,2006,74026
Ethiopia,2007,59858
Ethiopia,2008,63878
Ethiopia,2009,62889
Ethiopia,2010,68848
Ethiopia,2011,70610
Ethiopia,2012,74968
Ethiopia,2013,77122
Ethiopia,2014,86870
Ethiopia,2015,85839
Ethiopia,2016,83966
Fiji,2001,731
Fiji,2002,1072
Fiji,2003,1087
Fiji,2004,1281
Fiji,2005,1379
Fiji,2006,1686
Fiji,2007,1828
Fiji,2008,1868
Fiji,2009,1892
Fiji,2010,1851
Fiji,2011,1579
Fiji,2012,1317
Fiji,2013,1112
Fiji,2014,924
Fiji,2015,883
Fiji,2016,792
Finland,2001,2
Finland,2002,9
Finland,2003,7
Finland,2004,3
Finland,2005,5
Finland,2006,6
Finland,2007,4
Finland,2008,4
Finland,2009,6
Finland,2010,6
Finland,2011,7
Finland,2012,7
Finland,2013,7
Finland,2014,7
Finland,2015,8
Finland,2016,4
France,2001,44
France,2002,90
France,2003,110
France,2004,110
France,2005,286
France,2006,82
France,2007,101
France,2008,101
France,2009,87
France,2010,92
France,2011,99
France,2012,100
France,2013,98
France,2014,93
France,2015,94
France,2016,54
French Guiana,2016,1
French Polynesia,2005,1
French Polynesia,2006,1
Gabon,2001,27
Gabon,2002,37
Gabon,2003,39
Gabon,2004,53
Gabon,2005,81
Gabon,2006,95
Gabon,2007,116
Gabon,2008,129
Gabon,2009,144
Gabon,2010,165
Gabon,2011,173
Gabon,2012,183
Gabon,2013,176
Gabon,2014,172
Gabon,2015,177
Gabon,2016,171
Gambia,2001,734
Gambia,2002,861
Gambia,2003,746
Gambia,2004,684
Gambia,2005,1683
Gambia,2006,1254
Gambia,2007,1267
Gambia,2008,1352
Gambia,2009,1973
Gambia,2010,2242
Gambia,2011,2583
Gambia,2012,3076
Gambia,2013,3397
Gambia,2014,5136
Gambia,2015,8492
Gambia,2016,11600
Georgia,2001,17498
Georgia,2002,16975
Georgia,2003,12497
Georgia,2004,6626
Georgia,2005,7301
Georgia,2006,6340
Georgia,2007,11810
Georgia,2008,12598
Georgia,2009,15020
Georgia,2010,10640
Georgia,2011,10112
Georgia,2012,9261
Georgia,2013,6778
Georgia,2014,6681
Georgia,2015,6493
Georgia,2016,6403
Germany,2001,1033
Germany,2002,928
Germany,2003,725
Germany,2004,78
Germany,2005,78
Germany,2006,114
Germany,2007,129
Germany,2008,166
Germany,2009,170
Germany,2010,164
Germany,2011,174
Germany,2012,182
Germany,2013,175
Germany,2014,176
Germany,2015,161
Germany,2016,74
Ghana,2001,14556
Ghana,2002,15686
Ghana,2003,15879
Ghana,2004,14772
Ghana,2005,18433
Ghana,2006,9960
Ghana,2007,5063
Ghana,2008,13242
Ghana,2009,14893
Ghana,2010,20203
Ghana,2011,20361
Ghana,2012,24298
Ghana,2013,21078
Ghana,2014,22145
Ghana,2015,22978
Ghana,2016,15541
Gibraltar,2007,1
Gibraltar,2008,1
Gibraltar,2009,1
Gibraltar,2010,2
Gibraltar,2011,2
Gibraltar,2012,2
Gibraltar,2013,2
Gibraltar,2014,2
Gibraltar,2015,2
Gibraltar,2016,1
Greece,2001,97
Greece,2002,301
Greece,2003,270
Greece,2004,224
Greece,2005,331
Greece,2006,91
Greece,2007,92
Greece,2008,67
Greece,2009,62
Greece,2010,51
Greece,2011,56
Greece,2012,51
Greece,2013,91
Greece,2014,113
Greece,2015,112
Greece,2016,105
Grenada,2001,53
Grenada,2002,73
Grenada,2003,77
Grenada,2004,99
Grenada,2005,152
Grenada,2006,202
Grenada,2007,297
Grenada,2008,312
Grenada,2009,333
Grenada,2010,345
Grenada,2011,323
Grenada,2012,316
Grenada,2013,330
Grenada,2014,324
Grenada,2015,270
Grenada,2016,101
Guatemala,2001,16867
Guatemala,2002,13888
Guatemala,2003,6696
Guatemala,2004,4376
Guatemala,2005,3379
Guatemala,2006,6496
Guatemala,2007,6161
Guatemala,2008,5934
Guatemala,2009,5768
Guatemala,2010,5679
Guatemala,2011,6088
Guatemala,2012,6388
Guatemala,2013,6615
Guatemala,2014,7483
Guatemala,2015,10284
Guatemala,2016,12554
Guinea,2001,2019
Guinea,2002,3418
Guinea,2003,3871
Guinea,2004,4782
Guinea,2005,5820
Guinea,2006,6840
Guinea,2007,8278
Guinea,2008,9495
Guinea,2009,10920
Guinea,2010,11985
Guinea,2011,13161
Guinea,2012,14061
Guinea,2013,14561
Guinea,2014,15252
Guinea,2015,17005
Guinea,2016,17548
Guinea-Bissau,2001,927
Guinea-Bissau,2002,986
Guinea-Bissau,2003,975
Guinea-Bissau,2004,1018
Guinea-Bissau,2005,1050
Guinea-Bissau,2006,1003
Guinea-Bissau,2007,1028
Guinea-Bissau,2008,1065
Guinea-Bissau,2009,1109
Guinea-Bissau,2010,1127
Guinea-Bissau,2011,1123
Guinea-Bissau,2012,1180
Guinea-Bissau,2013,1223
Guinea-Bissau,2014,1307
Guinea-Bissau,2015,1471
Guinea-Bissau,2016,1653
Guyana,2001,36
Guyana,2002,49
Guyana,2003,78
Guyana,2004,194
Guyana,2005,406
Guyana,2006,537
Guyana,2007,677
Guyana,2008,708
Guyana,2009,727
Guyana,2010,749
Guyana,2011,771
Guyana,2012,801
Guyana,2013,800
Guyana,2014,700
Guyana,2015,511
Guyana,2016,272
Haiti,2001,7248
Haiti,2002,7718
Haiti,2003,7547
Haiti,2004,9208
Haiti,2005,13542
Haiti,2006,20837
Haiti,2007,22280
Haiti,2008,23066
Haiti,2009,24116
Haiti,2010,25892
Haiti,2011,33661
Haiti,2012,38568
Haiti,2013,38659
Haiti,2014,37162
Haiti,2015,34774
Haiti,2016,29684
Holy See (the),2004,2
Honduras,2001,781
Honduras,2002,673
Honduras,2003,604
Honduras,2004,484
Honduras,2005,535
Honduras,2006,1035
Honduras,2007,1236
Honduras,2008,1116
Honduras,2009,1166
Honduras,2010,1302
Honduras,2011,1966
Honduras,2012,2613
Honduras,2013,3300
Honduras,2014,4159
Honduras,2015,6851
Honduras,2016,10507
"Hong Kong SAR, China",2001,7
"Hong Kong SAR, China",2002,5
"Hong Kong SAR, China",2003,9
"Hong Kong SAR, China",2004,8
"Hong Kong SAR, China",2006,10
"Hong Kong SAR, China",2007,11
"Hong Kong SAR, China",2008,11
"Hong Kong SAR, China",2009,12
"Hong Kong SAR, China",2010,17
"Hong Kong SAR, China",2011,15
"Hong Kong SAR, China",2012,19
"Hong Kong SAR, China",2013,25
"Hong Kong SAR, China",2014,25
"Hong Kong SAR, China",2015,33
"Hong Kong SAR, China",2016,12
Hungary,2001,953
Hungary,2002,3517
Hungary,2003,3395
Hungary,2004,2749
Hungary,2005,3519
Hungary,2006,3118
Hungary,2007,3386
Hungary,2008,1614
Hungary,2009,1537
Hungary,2010,1438
Hungary,2011,1238
Hungary,2012,1087
Hungary,2013,1220
Hungary,2014,1267
Hungary,2015,1443
Hungary,2016,2909
Iceland,2002,13
Iceland,2003,12
Iceland,2004,10
Iceland,2005,7
Iceland,2006,31
Iceland,2007,7
Iceland,2008,7
Iceland,2009,4
Iceland,2010,4
Iceland,2011,3
Iceland,2012,3
Iceland,2013,2
Iceland,2014,1
India,2001,11571
India,2002,14349
India,2003,13706
India,2004,13344
India,2005,16285
India,2006,17811
India,2007,20466
India,2008,19569
India,2009,19514
India,2010,17769
India,2011,16232
India,2012,14258
India,2013,11041
India,2014,10436
India,2015,9881
India,2016,7291
Indonesia,2001,8970
Indonesia,2002,9906
Indonesia,2003,16240
Indonesia,2004,27919
Indonesia,2005,34384
Indonesia,2006,34728
Indonesia,2007,20558
Indonesia,2008,19345
Indonesia,2009,18213
Indonesia,2010,16892
Indonesia,2011,16079
Indonesia,2012,15523
Indonesia,2013,14786
Indonesia,2014,14408
Indonesia,2015,13956
Indonesia,2016,13064
Iraq,2001,530511
Iraq,2002,422512
Iraq,2003,368580
Iraq,2004,311890
Iraq,2005,262299
Iraq,2006,1450905
Iraq,2007,2309245
Iraq,2008,1903519
Iraq,2009,1785212
Iraq,2010,1683579
Iraq,2011,1428308
Iraq,2012,746206
Iraq,2013,401466
Iraq,2014,369954
Iraq,2015,264094
Iraq,2016,316030
Ireland,2001,3
Ireland,2002,7
Ireland,2003,6
Ireland,2004,3
Ireland,2005,21
Ireland,2006,4
Ireland,2007,10
Ireland,2008,7
Ireland,2009,7
Ireland,2010,8
Ireland,2011,8
Ireland,2012,9
Ireland,2013,9
Ireland,2014,10
Ireland,2015,9
Ireland,2016,5
Islamic Rep. of Iran,2001,92491
Islamic Rep. of Iran,2002,138364
Islamic Rep. of Iran,2003,122530
Islamic Rep. of Iran,2004,115171
Islamic Rep. of Iran,2005,99428
Islamic Rep. of Iran,2006,102483
Islamic Rep. of Iran,2007,68397
Islamic Rep. of Iran,2008,69061
Islamic Rep. of Iran,2009,72774
Islamic Rep. of Iran,2010,68791
Islamic Rep. of Iran,2011,72361
Islamic Rep. of Iran,2012,75940
Islamic Rep. of Iran,2013,75070
Islamic Rep. of Iran,2014,82191
Islamic Rep. of Iran,2015,84950
Islamic Rep. of Iran,2016,94094
Israel,2001,363
Israel,2002,564
Israel,2003,625
Israel,2004,672
Israel,2005,632
Israel,2006,882
Israel,2007,1541
Israel,2008,1494
Israel,2009,1310
Israel,2010,1301
Israel,2011,1335
Israel,2012,1340
Israel,2013,1041
Israel,2014,979
Israel,2015,802
Israel,2016,495
Italy,2001,34
Italy,2002,224
Italy,2003,207
Italy,2004,192
Italy,2005,217
Italy,2006,105
Italy,2007,90
Italy,2008,62
Italy,2009,45
Italy,2010,50
Italy,2011,58
Italy,2012,66
Italy,2013,66
Italy,2014,67
Italy,2015,70
Italy,2016,51
Jamaica,2001,37
Jamaica,2002,147
Jamaica,2003,259
Jamaica,2004,350
Jamaica,2005,489
Jamaica,2006,660
Jamaica,2007,766
Jamaica,2008,826
Jamaica,2009,909
Jamaica,2010,1057
Jamaica,2011,1250
Jamaica,2012,1407
Jamaica,2013,1503
Jamaica,2014,1692
Jamaica,2015,1868
Jamaica,2016,2005
Japan,2001,5
Japan,2002,19
Japan,2003,19
Japan,2004,21
Japan,2005,13
Japan,2006,168
Japan,2007,521
Japan,2008,185
Japan,2009,150
Japan,2010,152
Japan,2011,176
Japan,2012,172
Japan,2013,157
Japan,2014,262
Japan,2015,145
Japan,2016,59
Jordan,2001,775
Jordan,2002,1287
Jordan,2003,1162
Jordan,2004,1170
Jordan,2005,1789
Jordan,2006,1603
Jordan,2007,1787
Jordan,2008,1890
Jordan,2009,2129
Jordan,2010,2254
Jordan,2011,2250
Jordan,2012,2368
Jordan,2013,1632
Jordan,2014,1718
Jordan,2015,1841
Jordan,2016,1933
Kazakhstan,2001,2803
Kazakhstan,2002,6315
Kazakhstan,2003,6559
Kazakhstan,2004,6121
Kazakhstan,2005,4316
Kazakhstan,2006,7377
Kazakhstan,2007,5235
Kazakhstan,2008,4825
Kazakhstan,2009,3744
Kazakhstan,2010,3632
Kazakhstan,2011,3500
Kazakhstan,2012,3571
Kazakhstan,2013,2123
Kazakhstan,2014,2224
Kazakhstan,2015,2267
Kazakhstan,2016,2364
Kenya,2001,2559
Kenya,2002,3098
Kenya,2003,3163
Kenya,2004,3847
Kenya,2005,4640
Kenya,2006,5357
Kenya,2007,7546
Kenya,2008,9688
Kenya,2009,9620
Kenya,2010,8602
Kenya,2011,8745
Kenya,2012,8950
Kenya,2013,8586
Kenya,2014,8553
Kenya,2015,7906
Kenya,2016,7535
Kiribati,2002,3
Kiribati,2003,16
Kiribati,2004,32
Kiribati,2005,33
Kiribati,2006,41
Kiribati,2007,38
Kiribati,2008,38
Kiribati,2009,33
Kiribati,2010,33
Kiribati,2011,33
Kiribati,2012,33
Kiribati,2013,20
Kiribati,2014,3
Kiribati,2015,2
Kiribati,2016,1
Kuwait,2001,701
Kuwait,2002,709
Kuwait,2003,616
Kuwait,2004,398
Kuwait,2005,381
Kuwait,2006,617
Kuwait,2007,746
Kuwait,2008,854
Kuwait,2009,938
Kuwait,2010,988
Kuwait,2011,1120
Kuwait,2012,1197
Kuwait,2013,977
Kuwait,2014,981
Kuwait,2015,1085
Kuwait,2016,1021
Kyrgyzstan,2001,685
Kyrgyzstan,2002,2950
Kyrgyzstan,2003,3141
Kyrgyzstan,2004,3284
Kyrgyzstan,2005,3122
Kyrgyzstan,2006,2488
Kyrgyzstan,2007,2254
Kyrgyzstan,2008,2517
Kyrgyzstan,2009,2612
Kyrgyzstan,2010,2744
Kyrgyzstan,2011,3162
Kyrgyzstan,2012,3489
Kyrgyzstan,2013,2301
Kyrgyzstan,2014,2451
Kyrgyzstan,2015,2502
Kyrgyzstan,2016,2573
Lao People's Dem. Rep.,2001,12631
Lao People's Dem. Rep.,2002,11235
Lao People's Dem. Rep.,2003,10363
Lao People's Dem. Rep.,2004,16114
Lao People's Dem. Rep.,2005,24442
Lao People's Dem. Rep.,2006,26447
Lao People's Dem. Rep.,2007,10013
Lao People's Dem. Rep.,2008,8598
Lao People's Dem. Rep.,2009,8398
Lao People's Dem. Rep.,2010,8414
Lao People's Dem. Rep.,2011,8088
Lao People's Dem. Rep.,2012,7984
Lao People's Dem. Rep.,2013,7745
Lao People's Dem. Rep.,2014,7482
Lao People's Dem. Rep.,2015,7363
Lao People's Dem. Rep.,2016,7232
Latvia,2001,619
Latvia,2002,3082
Latvia,2003,3177
Latvia,2004,2826
Latvia,2005,2430
Latvia,2006,1424
Latvia,2007,662
Latvia,2008,763
Latvia,2009,791
Latvia,2010,713
Latvia,2011,709
Latvia,2012,662
Latvia,2013,233
Latvia,2014,213
Latvia,2015,193
Latvia,2016,172
Lebanon,2001,8763
Lebanon,2002,26320
Lebanon,2003,24932
Lebanon,2004,19865
Lebanon,2005,18323
Lebanon,2006,12252
Lebanon,2007,13094
Lebanon,2008,12967
Lebanon,2009,16260
Lebanon,2010,15869
Lebanon,2011,15013
Lebanon,2012,15106
Lebanon,2013,3819
Lebanon,2014,4273
Lebanon,2015,4369
Lebanon,2016,4740
Lesotho,2001,1
Lesotho,2002,4
Lesotho,2003,6
Lesotho,2004,7
Lesotho,2005,6
Lesotho,2006,8
Lesotho,2007,7
Lesotho,2008,8
Lesotho,2009,10
Lesotho,2010,11
Lesotho,2011,11
Lesotho,2012,13
Lesotho,2013,15
Lesotho,2014,17
Lesotho,2015,17
Lesotho,2016,12
Liberia,2001,244608
Liberia,2002,275422
Liberia,2003,353344
Liberia,2004,335470
Liberia,2005,231139
Liberia,2006,160548
Liberia,2007,91540
Liberia,2008,75213
Liberia,2009,71599
Liberia,2010,70129
Liberia,2011,66780
Liberia,2012,23428
Liberia,2013,17558
Liberia,2014,13572
Liberia,2015,9991
Liberia,2016,6573
Libya,2001,888
Libya,2002,1456
Libya,2003,1570
Libya,2004,1713
Libya,2005,1575
Libya,2006,1573
Libya,2007,1954
Libya,2008,2084
Libya,2009,2202
Libya,2010,2309
Libya,2011,4384
Libya,2012,5251
Libya,2013,3314
Libya,2014,4203
Libya,2015,6090
Libya,2016,8836
Lithuania,2001,216
Lithuania,2002,1371
Lithuania,2003,1541
Lithuania,2004,1476
Lithuania,2005,1448
Lithuania,2006,942
Lithuania,2007,466
Lithuania,2008,490
Lithuania,2009,501
Lithuania,2010,515
Lithuania,2011,528
Lithuania,2012,491
Lithuania,2013,220
Lithuania,2014,183
Lithuania,2015,144
Lithuania,2016,73
Luxembourg,2004,1
Luxembourg,2005,1
Luxembourg,2006,2
Luxembourg,2007,2
Luxembourg,2013,1
Luxembourg,2014,2
Luxembourg,2015,2
Luxembourg,2016,2
"Macao SAR, China",2001,8
"Macao SAR, China",2002,15
"Macao SAR, China",2003,15
"Macao SAR, China",2004,20
"Macao SAR, China",2005,9
"Macao SAR, China",2006,9
"Macao SAR, China",2007,9
"Macao SAR, China",2008,9
"Macao SAR, China",2009,9
"Macao SAR, China",2010,10
"Macao SAR, China",2011,10
"Macao SAR, China",2012,1
"Macao SAR, China",2013,1
"Macao SAR, China",2014,5
"Macao SAR, China",2015,5
"Macao SAR, China",2016,4
Madagascar,2001,40
Madagascar,2002,53
Madagascar,2003,88
Madagascar,2004,135
Madagascar,2005,203
Madagascar,2006,260
Madagascar,2007,284
Madagascar,2008,277
Madagascar,2009,274
Madagascar,2010,270
Madagascar,2011,289
Madagascar,2012,301
Madagascar,2013,296
Madagascar,2014,281
Madagascar,2015,286
Madagascar,2016,297
Malawi,2001,25
Malawi,2002,48
Malawi,2003,59
Malawi,2004,94
Malawi,2005,101
Malawi,2006,113
Malawi,2007,97
Malawi,2008,106
Malawi,2009,130
Malawi,2010,171
Malawi,2011,222
Malawi,2012,277
Malawi,2013,326
Malawi,2014,361
Malawi,2015,426
Malawi,2016,427
Malaysia,2001,79
Malaysia,2002,119
Malaysia,2003,239
Malaysia,2004,292
Malaysia,2005,394
Malaysia,2006,584
Malaysia,2007,615
Malaysia,2008,608
Malaysia,2009,532
Malaysia,2010,552
Malaysia,2011,537
Malaysia,2012,531
Malaysia,2013,485
Malaysia,2014,468
Malaysia,2015,439
Malaysia,2016,456
Maldives,2001,3
Maldives,2002,3
Maldives,2003,1
Maldives,2004,3
Maldives,2005,13
Maldives,2006,16
Maldives,2007,17
Maldives,2008,16
Maldives,2009,16
Maldives,2010,19
Maldives,2011,21
Maldives,2012,24
Maldives,2013,31
Maldives,2014,36
Maldives,2015,42
Maldives,2016,57
Mali,2001,311
Mali,2002,531
Mali,2003,461
Mali,2004,483
Mali,2005,520
Mali,2006,593
Mali,2007,4494
Mali,2008,1758
Mali,2009,2926
Mali,2010,3663
Mali,2011,4295
Mali,2012,149943
Mali,2013,152828
Mali,2014,139267
Mali,2015,154213
Mali,2016,156428
Malta,2001,7
Malta,2002,8
Malta,2003,7
Malta,2004,3
Malta,2005,5
Malta,2006,28
Malta,2007,9
Malta,2008,9
Malta,2009,9
Malta,2010,6
Malta,2011,6
Malta,2012,6
Malta,2013,6
Malta,2014,5
Malta,2015,1
Marshall Islands,2012,2
Marshall Islands,2013,3
Marshall Islands,2014,3
Marshall Islands,2015,3
Marshall Islands,2016,3
Mauritania,2001,29862
Mauritania,2002,30137
Mauritania,2003,30525
Mauritania,2004,31112
Mauritania,2005,31651
Mauritania,2006,33428
Mauritania,2007,33108
Mauritania,2008,45601
Mauritania,2009,39143
Mauritania,2010,37733
Mauritania,2011,39929
Mauritania,2012,33765
Mauritania,2013,34252
Mauritania,2014,34113
Mauritania,2015,34660
Mauritania,2016,36266
Mauritius,2001,35
Mauritius,2002,43
Mauritius,2003,61
Mauritius,2004,19
Mauritius,2005,27
Mauritius,2006,80
Mauritius,2007,71
Mauritius,2008,24
Mauritius,2009,23
Mauritius,2010,28
Mauritius,2011,42
Mauritius,2012,62
Mauritius,2013,81
Mauritius,2014,94
Mauritius,2015,103
Mauritius,2016,111
Mexico,2001,1594
Mexico,2002,1670
Mexico,2003,1652
Mexico,2004,1744
Mexico,2005,2313
Mexico,2006,3304
Mexico,2007,5572
Mexico,2008,6162
Mexico,2009,6435
Mexico,2010,6816
Mexico,2011,7472
Mexico,2012,8435
Mexico,2013,9390
Mexico,2014,10666
Mexico,2015,11333
Mexico,2016,10385
Monaco,2002,1
Monaco,2003,1
Monaco,2009,1
Monaco,2010,2
Monaco,2011,4
Monaco,2012,4
Monaco,2013,3
Monaco,2014,3
Monaco,2015,3
Monaco,2016,3
Mongolia,2001,60
Mongolia,2002,280
Mongolia,2003,324
Mongolia,2004,442
Mongolia,2005,654
Mongolia,2006,867
Mongolia,2007,1101
Mongolia,2008,1333
Mongolia,2009,1495
Mongolia,2010,1724
Mongolia,2011,1985
Mongolia,2012,2114
Mongolia,2013,2059
Mongolia,2014,2163
Mongolia,2015,2199
Mongolia,2016,2285
Montenegro,2006,135
Montenegro,2007,557
Montenegro,2008,1283
Montenegro,2009,2582
Montenegro,2010,3246
Montenegro,2011,3698
Montenegro,2012,4054
Montenegro,2013,546
Montenegro,2014,607
Montenegro,2015,651
Montenegro,2016,718
Morocco,2001,363
Morocco,2002,1269
Morocco,2003,1291
Morocco,2004,1318
Morocco,2005,2920
Morocco,2006,4709
Morocco,2007,4039
Morocco,2008,3533
Morocco,2009,2286
Morocco,2010,2284
Morocco,2011,2312
Morocco,2012,2407
Morocco,2013,1308
Morocco,2014,1539
Morocco,2015,1786
Morocco,2016,2262
Mozambique,2001,46
Mozambique,2002,130
Mozambique,2003,111
Mozambique,2004,104
Mozambique,2005,104
Mozambique,2006,231
Mozambique,2007,222
Mozambique,2008,208
Mozambique,2009,136
Mozambique,2010,131
Mozambique,2011,155
Mozambique,2012,160
Mozambique,2013,56
Mozambique,2014,58
Mozambique,2015,57
Mozambique,2016,50
Myanmar,2001,145856
Myanmar,2002,148501
Myanmar,2003,151384
Myanmar,2004,161013
Myanmar,2005,164864
Myanmar,2006,202826
Myanmar,2007,191313
Myanmar,2008,184413
Myanmar,2009,406669
Myanmar,2010,415670
Myanmar,2011,414626
Myanmar,2012,415371
Myanmar,2013,479606
Myanmar,2014,479006
Myanmar,2015,451805
Myanmar,2016,490289
Namibia,2001,2297
Namibia,2002,1302
Namibia,2003,1293
Namibia,2004,1314
Namibia,2005,1226
Namibia,2006,1202
Namibia,2007,1128
Namibia,2008,985
Namibia,2009,921
Namibia,2010,1017
Namibia,2011,1073
Namibia,2012,1098
Namibia,2013,1143
Namibia,2014,1253
Namibia,2015,1277
Namibia,2016,1366
Nauru,2003,3
Nauru,2006,3
Nauru,2007,3
Nauru,2008,3
Nepal,2001,306
Nepal,2002,902
Nepal,2003,1231
Nepal,2004,1416
Nepal,2005,2065
Nepal,2006,2647
Nepal,2007,3364
Nepal,2008,4189
Nepal,2009,5108
Nepal,2010,5889
Nepal,2011,6854
Nepal,2012,7612
Nepal,2013,8110
Nepal,2014,8563
Nepal,2015,9063
Nepal,2016,8377
Netherlands,2001,4
Netherlands,2002,30
Netherlands,2003,44
Netherlands,2004,48
Netherlands,2005,159
Netherlands,2006,39
Netherlands,2007,43
Netherlands,2008,46
Netherlands,2009,44
Netherlands,2010,53
Netherlands,2011,64
Netherlands,2012,71
Netherlands,2013,64
Netherlands,2014,68
Netherlands,2015,69
Netherlands,2016,37
New Zealand,2002,2
New Zealand,2003,1
New Zealand,2004,3
New Zealand,2005,4
New Zealand,2006,8
New Zealand,2007,13
New Zealand,2008,10
New Zealand,2009,10
New Zealand,2010,15
New Zealand,2011,18
New Zealand,2012,20
New Zealand,2013,17
New Zealand,2014,17
New Zealand,2015,19
New Zealand,2016,28
Nicaragua,2001,4399
Nicaragua,2002,4050
Nicaragua,2003,3983
Nicaragua,2004,1821
Nicaragua,2005,1463
Nicaragua,2006,1828
Nicaragua,2007,1900
Nicaragua,2008,1537
Nicaragua,2009,1478
Nicaragua,2010,1431
Nicaragua,2011,1468
Nicaragua,2012,1531
Nicaragua,2013,1538
Nicaragua,2014,1587
Nicaragua,2015,1476
Nicaragua,2016,1419
Niger,2001,483
Niger,2002,834
Niger,2003,728
Niger,2004,689
Niger,2005,655
Niger,2006,818
Niger,2007,827
Niger,2008,796
Niger,2009,822
Niger,2010,803
Niger,2011,819
Niger,2012,832
Niger,2013,683
Niger,2014,739
Niger,2015,1390
Niger,2016,1235
Nigeria,2001,6084
Nigeria,2002,24572
Nigeria,2003,24428
Nigeria,2004,23890
Nigeria,2005,22128
Nigeria,2006,13253
Nigeria,2007,13904
Nigeria,2008,14169
Nigeria,2009,15609
Nigeria,2010,15642
Nigeria,2011,17141
Nigeria,2012,18021
Nigeria,2013,31176
Nigeria,2014,90947
Nigeria,2015,167989
Nigeria,2016,229311
Niue,2011,7
Niue,2012,10
Niue,2013,14
Niue,2014,18
Niue,2015,18
Niue,2016,19
Norfolk Island,2014,1
Norfolk Island,2015,1
Norfolk Island,2016,1
Norway,2001,3
Norway,2002,5
Norway,2003,6
Norway,2004,5
Norway,2005,15
Norway,2006,4
Norway,2007,3
Norway,2008,4
Norway,2009,4
Norway,2010,7
Norway,2011,7
Norway,2012,9
Norway,2013,13
Norway,2014,13
Norway,2015,12
Norway,2016,10
Oman,2001,5
Oman,2002,19
Oman,2003,11
Oman,2004,18
Oman,2005,12
Oman,2006,38
Oman,2007,43
Oman,2008,56
Oman,2009,64
Oman,2010,63
Oman,2011,60
Oman,2012,65
Oman,2013,26
Oman,2014,29
Oman,2015,37
Oman,2016,38
Pakistan,2001,12324
Pakistan,2002,23163
Pakistan,2003,24389
Pakistan,2004,25952
Pakistan,2005,29913
Pakistan,2006,25639
Pakistan,2007,31858
Pakistan,2008,32403
Pakistan,2009,35132
Pakistan,2010,39982
Pakistan,2011,35952
Pakistan,2012,49785
Pakistan,2013,48686
Pakistan,2014,335961
Pakistan,2015,297899
Pakistan,2016,105428
Palau,2007,1
Palau,2008,1
Palau,2013,1
Palau,2014,1
Palau,2015,2
Palau,2016,2
Panama,2001,37
Panama,2002,44
Panama,2003,30
Panama,2004,40
Panama,2005,42
Panama,2006,75
Panama,2007,109
Panama,2008,111
Panama,2009,105
Panama,2010,100
Panama,2011,100
Panama,2012,107
Panama,2013,105
Panama,2014,89
Panama,2015,69
Panama,2016,40
Papua New Guinea,2001,8
Papua New Guinea,2002,16
Papua New Guinea,2003,18
Papua New Guinea,2004,18
Papua New Guinea,2005,23
Papua New Guinea,2006,31
Papua New Guinea,2007,36
Papua New Guinea,2008,46
Papua New Guinea,2009,70
Papua New Guinea,2010,89
Papua New Guinea,2011,128
Papua New Guinea,2012,174
Papua New Guinea,2013,221
Papua New Guinea,2014,288
Papua New Guinea,2015,339
Papua New Guinea,2016,399
Paraguay,2001,8
Paraguay,2002,31
Paraguay,2003,32
Paraguay,2004,37
Paraguay,2005,44
Paraguay,2006,105
Paraguay,2007,102
Paraguay,2008,101
Paraguay,2009,77
Paraguay,2010,86
Paraguay,2011,91
Paraguay,2012,101
Paraguay,2013,95
Paraguay,2014,94
Paraguay,2015,91
Paraguay,2016,71
Peru,2001,6502
Peru,2002,6430
Peru,2003,5581
Peru,2004,4769
Peru,2005,4865
Peru,2006,6986
Peru,2007,7743
Peru,2008,7339
Peru,2009,6271
Peru,2010,5834
Peru,2011,5491
Peru,2012,5212
Peru,2013,4768
Peru,2014,4343
Peru,2015,3599
Peru,2016,2609
Philippines,2001,45467
Philippines,2002,45608
Philippines,2003,412
Philippines,2004,434
Philippines,2005,465
Philippines,2006,886
Philippines,2007,1552
Philippines,2008,1354
Philippines,2009,993
Philippines,2010,970
Philippines,2011,952
Philippines,2012,986
Philippines,2013,724
Philippines,2014,670
Philippines,2015,593
Philippines,2016,434
Poland,2001,3191
Poland,2002,16712
Poland,2003,15211
Poland,2004,10680
Poland,2005,19641
Poland,2006,13513
Poland,2007,2915
Poland,2008,2391
Poland,2009,2059
Poland,2010,1764
Poland,2011,1815
Poland,2012,1640
Poland,2013,1429
Poland,2014,1310
Poland,2015,1297
Poland,2016,1159
Portugal,2001,17
Portugal,2002,62
Portugal,2003,55
Portugal,2004,47
Portugal,2005,74
Portugal,2006,25
Portugal,2007,32
Portugal,2008,36
Portugal,2009,31
Portugal,2010,30
Portugal,2011,28
Portugal,2012,32
Portugal,2013,32
Portugal,2014,31
Portugal,2015,28
Portugal,2016,19
Qatar,2002,8
Qatar,2003,13
Qatar,2004,10
Qatar,2005,11
Qatar,2006,52
Qatar,2007,62
Qatar,2008,71
Qatar,2009,68
Qatar,2010,112
Qatar,2011,95
Qatar,2012,124
Qatar,2013,17
Qatar,2014,21
Qatar,2015,20
Qatar,2016,29
Rep. of Korea,2001,83
Rep. of Korea,2002,245
Rep. of Korea,2003,237
Rep. of Korea,2004,272
Rep. of Korea,2005,268
Rep. of Korea,2006,1334
Rep. of Korea,2007,1188
Rep. of Korea,2008,1104
Rep. of Korea,2009,573
Rep. of Korea,2010,585
Rep. of Korea,2011,514
Rep. of Korea,2012,558
Rep. of Korea,2013,500
Rep. of Korea,2014,481
Rep. of Korea,2015,353
Rep. of Korea,2016,250
Rep. of Moldova,2001,3737
Rep. of Moldova,2002,10130
Rep. of Moldova,2003,11146
Rep. of Moldova,2004,11938
Rep. of Moldova,2005,12064
Rep. of Moldova,2006,11680
Rep. of Moldova,2007,4918
Rep. of Moldova,2008,5555
Rep. of Moldova,2009,5925
Rep. of Moldova,2010,6200
Rep. of Moldova,2011,6264
Rep. of Moldova,2012,6148
Rep. of Moldova,2013,2207
Rep. of Moldova,2014,2233
Rep. of Moldova,2015,2289
Rep. of Moldova,2016,2318
Romania,2001,6052
Romania,2002,8847
Romania,2003,8387
Romania,2004,6045
Romania,2005,11502
Romania,2006,7234
Romania,2007,5306
Romania,2008,4756
Romania,2009,4358
Romania,2010,3934
Romania,2011,3428
Romania,2012,2807
Romania,2013,2330
Romania,2014,1918
Romania,2015,1735
Romania,2016,1199
Russian Federation,2001,45156
Russian Federation,2002,91626
Russian Federation,2003,96420
Russian Federation,2004,108100
Russian Federation,2005,103037
Russian Federation,2006,159381
Russian Federation,2007,93224
Russian Federation,2008,103061
Russian Federation,2009,109455
Russian Federation,2010,111948
Russian Federation,2011,109785
Russian Federation,2012,110588
Russian Federation,2013,74316
Russian Federation,2014,70562
Russian Federation,2015,67020
Russian Federation,2016,62759
Rwanda,2001,84513
Rwanda,2002,75257
Rwanda,2003,75263
Rwanda,2004,63804
Rwanda,2005,100264
Rwanda,2006,92966
Rwanda,2007,80964
Rwanda,2008,72530
Rwanda,2009,129109
Rwanda,2010,115524
Rwanda,2011,106833
Rwanda,2012,97373
Rwanda,2013,83955
Rwanda,2014,79408
Rwanda,2015,286366
Rwanda,2016,286073
Saint Kitts and Nevis,2002,2
Saint Kitts and Nevis,2003,1
Saint Kitts and Nevis,2004,1
Saint Kitts and Nevis,2005,31
Saint Kitts and Nevis,2006,2
Saint Kitts and Nevis,2007,2
Saint Kitts and Nevis,2008,4
Saint Kitts and Nevis,2009,4
Saint Kitts and Nevis,2010,7
Saint Kitts and Nevis,2011,9
Saint Kitts and Nevis,2012,12
Saint Kitts and Nevis,2013,15
Saint Kitts and Nevis,2014,23
Saint Kitts and Nevis,2015,28
Saint Kitts and Nevis,2016,49
Saint Lucia,2001,9
Saint Lucia,2002,10
Saint Lucia,2003,16
Saint Lucia,2004,34
Saint Lucia,2005,99
Saint Lucia,2006,163
Saint Lucia,2007,227
Saint Lucia,2008,288
Saint Lucia,2009,314
Saint Lucia,2010,334
Saint Lucia,2011,433
Saint Lucia,2012,566
Saint Lucia,2013,710
Saint Lucia,2014,922
Saint Lucia,2015,1011
Saint Lucia,2016,994
Saint Vincent and the Grenadines,2001,67
Saint Vincent and the Grenadines,2002,81
Saint Vincent and the Grenadines,2003,105
Saint Vincent and the Grenadines,2004,181
Saint Vincent and the Grenadines,2005,279
Saint Vincent and the Grenadines,2006,387
Saint Vincent and the Grenadines,2007,646
Saint Vincent and the Grenadines,2008,750
Saint Vincent and the Grenadines,2009,849
Saint Vincent and the Grenadines,2010,946
Saint Vincent and the Grenadines,2011,1127
Saint Vincent and the Grenadines,2012,1316
Saint Vincent and the Grenadines,2013,1535
Saint Vincent and the Grenadines,2014,1736
Saint Vincent and the Grenadines,2015,1823
Saint Vincent and the Grenadines,2016,1333
Samoa,2001,1
Samoa,2006,3
Samoa,2007,2
Samoa,2008,4
Samoa,2010,1
Samoa,2011,1
Samoa,2012,1
Samoa,2013,1
Samoa,2014,1
Samoa,2015,1
Samoa,2016,1
San Marino,2002,3
San Marino,2003,1
San Marino,2004,1
San Marino,2005,1
San Marino,2006,2
San Marino,2007,2
San Marino,2008,1
San Marino,2009,1
San Marino,2010,2
San Marino,2011,1
San Marino,2012,1
San Marino,2013,1
San Marino,2014,1
San Marino,2015,1
San Marino,2016,2
Sao Tome and Principe,2001,23
Sao Tome and Principe,2002,39
Sao Tome and Principe,2003,42
Sao Tome and Principe,2004,39
Sao Tome and Principe,2005,24
Sao Tome and Principe,2006,32
Sao Tome and Principe,2007,33
Sao Tome and Principe,2008,35
Sao Tome and Principe,2009,33
Sao Tome and Principe,2010,33
Sao Tome and Principe,2011,33
Sao Tome and Principe,2012,32
Sao Tome and Principe,2013,31
Sao Tome and Principe,2014,22
Sao Tome and Principe,2015,22
Sao Tome and Principe,2016,29
Saudi Arabia,2001,35
Saudi Arabia,2002,109
Saudi Arabia,2003,236
Saudi Arabia,2004,214
Saudi Arabia,2005,151
Saudi Arabia,2006,617
Saudi Arabia,2007,753
Saudi Arabia,2008,712
Saudi Arabia,2009,633
Saudi Arabia,2010,667
Saudi Arabia,2011,745
Saudi Arabia,2012,818
Saudi Arabia,2013,584
Saudi Arabia,2014,630
Saudi Arabia,2015,701
Saudi Arabia,2016,936
Senegal,2001,8559
Senegal,2002,12069
Senegal,2003,8351
Senegal,2004,8332
Senegal,2005,8671
Senegal,2006,15163
Senegal,2007,15896
Senegal,2008,16006
Senegal,2009,16305
Senegal,2010,16267
Senegal,2011,17722
Senegal,2012,18724
Senegal,2013,19822
Senegal,2014,23118
Senegal,2015,21280
Senegal,2016,23061
Serbia and Kosovo,2001,144231
Serbia and Kosovo,2002,327587
Serbia and Kosovo,2003,296632
Serbia and Kosovo,2004,237023
Serbia and Kosovo,2005,189989
Serbia and Kosovo,2006,174027
Serbia and Kosovo,2007,165643
Serbia and Kosovo,2008,185935
Serbia and Kosovo,2009,195626
Serbia and Kosovo,2010,183289
Serbia and Kosovo,2011,161671
Serbia and Kosovo,2012,158908
Serbia and Kosovo,2013,48725
Serbia and Kosovo,2014,45733
Serbia and Kosovo,2015,38628
Serbia and Kosovo,2016,36933
Seychelles,2001,13
Seychelles,2002,44
Seychelles,2003,38
Seychelles,2004,44
Seychelles,2005,40
Seychelles,2006,61
Seychelles,2007,55
Seychelles,2008,53
Seychelles,2009,49
Seychelles,2010,49
Seychelles,2011,42
Seychelles,2012,29
Seychelles,2013,26
Seychelles,2014,25
Seychelles,2015,20
Seychelles,2016,14
Sierra Leone,2001,179113
Sierra Leone,2002,141475
Sierra Leone,2003,70580
Sierra Leone,2004,41801
Sierra Leone,2005,40477
Sierra Leone,2006,42862
Sierra Leone,2007,32127
Sierra Leone,2008,32536
Sierra Leone,2009,15417
Sierra Leone,2010,11275
Sierra Leone,2011,8002
Sierra Leone,2012,6202
Sierra Leone,2013,5311
Sierra Leone,2014,4993
Sierra Leone,2015,4904
Sierra Leone,2016,4679
Singapore,2001,16
Singapore,2002,39
Singapore,2003,35
Singapore,2004,36
Singapore,2005,39
Singapore,2006,111
Singapore,2007,116
Singapore,2008,109
Singapore,2009,80
Singapore,2010,76
Singapore,2011,67
Singapore,2012,68
Singapore,2013,65
Singapore,2014,59
Singapore,2015,55
Singapore,2016,41
Slovakia,2001,191
Slovakia,2002,595
Slovakia,2003,667
Slovakia,2004,619
Slovakia,2005,791
Slovakia,2006,741
Slovakia,2007,342
Slovakia,2008,331
Slovakia,2009,334
Slovakia,2010,158
Slovakia,2011,269
Slovakia,2012,239
Slovakia,2013,323
Slovakia,2014,319
Slovakia,2015,326
Slovakia,2016,794
Slovenia,2001,765
Slovenia,2002,858
Slovenia,2003,610
Slovenia,2004,582
Slovenia,2005,155
Slovenia,2006,1760
Slovenia,2007,52
Slovenia,2008,52
Slovenia,2009,39
Slovenia,2010,38
Slovenia,2011,32
Slovenia,2012,34
Slovenia,2013,28
Slovenia,2014,26
Slovenia,2015,23
Slovenia,2016,21
Solomon Islands,2001,42
Solomon Islands,2002,54
Solomon Islands,2003,60
Solomon Islands,2004,61
Solomon Islands,2005,27
Solomon Islands,2006,38
Solomon Islands,2007,48
Solomon Islands,2008,52
Solomon Islands,2009,66
Solomon Islands,2010,75
Solomon Islands,2011,72
Solomon Islands,2012,61
Solomon Islands,2013,61
Solomon Islands,2014,70
Solomon Islands,2015,71
Solomon Islands,2016,69
Somalia,2001,440134
Somalia,2002,432316
Somalia,2003,402336
Somalia,2004,389300
Somalia,2005,395553
Somalia,2006,464037
Somalia,2007,457356
Somalia,2008,561155
Somalia,2009,678309
Somalia,2010,770154
Somalia,2011,1077048
Somalia,2012,1136719
Somalia,2013,1121770
Somalia,2014,1106434
Somalia,2015,1123156
Somalia,2016,1012323
South Africa,2001,123
South Africa,2002,275
South Africa,2003,288
South Africa,2004,269
South Africa,2005,268
South Africa,2006,510
South Africa,2007,474
South Africa,2008,453
South Africa,2009,384
South Africa,2010,380
South Africa,2011,429
South Africa,2012,420
South Africa,2013,423
South Africa,2014,424
South Africa,2015,450
South Africa,2016,450
South Sudan,2011,1
South Sudan,2012,87009
South Sudan,2013,114470
South Sudan,2014,616211
South Sudan,2015,778718
South Sudan,2016,1436719
Spain,2001,48
Spain,2002,58
Spain,2003,53
Spain,2004,49
Spain,2005,49
Spain,2006,2444
Spain,2007,41
Spain,2008,27
Spain,2009,34
Spain,2010,42
Spain,2011,43
Spain,2012,52
Spain,2013,56
Spain,2014,60
Spain,2015,59
Spain,2016,35
Sri Lanka,2001,122420
Sri Lanka,2002,133239
Sri Lanka,2003,122010
Sri Lanka,2004,114053
Sri Lanka,2005,108139
Sri Lanka,2006,116966
Sri Lanka,2007,134952
Sri Lanka,2008,137752
Sri Lanka,2009,145721
Sri Lanka,2010,141074
Sri Lanka,2011,136617
Sri Lanka,2012,132731
Sri Lanka,2013,123084
Sri Lanka,2014,122010
Sri Lanka,2015,121443
Sri Lanka,2016,117479
State of Palestine,2001,349161
State of Palestine,2002,428782
State of Palestine,2003,350568
State of Palestine,2004,349831
State of Palestine,2005,349673
State of Palestine,2006,334142
State of Palestine,2007,341237
State of Palestine,2008,340016
State of Palestine,2009,95201
State of Palestine,2010,93323
State of Palestine,2011,94150
State of Palestine,2012,94918
State of Palestine,2013,96044
State of Palestine,2014,97212
State of Palestine,2015,98018
State of Palestine,2016,97796
Stateless,2001,7161
Stateless,2002,14476
Stateless,2003,13861
Stateless,2004,13889
Stateless,2005,12287
Stateless,2006,11260
Stateless,2007,13170
Stateless,2008,14173
Stateless,2009,15866
Stateless,2010,16910
Stateless,2011,18172
Stateless,2012,19673
Stateless,2013,20202
Stateless,2014,27915
Stateless,2015,37416
Stateless,2016,48683
Sudan,2001,489950
Sudan,2002,508877
Sudan,2003,606242
Sudan,2004,730641
Sudan,2005,693632
Sudan,2006,686311
Sudan,2007,523032
Sudan,2008,419248
Sudan,2009,368195
Sudan,2010,387288
Sudan,2011,500014
Sudan,2012,568943
Sudan,2013,648942
Sudan,2014,665967
Sudan,2015,627087
Sudan,2016,650640
Suriname,2001,237
Suriname,2002,103
Suriname,2003,70
Suriname,2004,51
Suriname,2005,29
Suriname,2006,66
Suriname,2007,63
Suriname,2008,50
Suriname,2009,45
Suriname,2010,25
Suriname,2011,20
Suriname,2012,15
Suriname,2013,17
Suriname,2014,17
Suriname,2015,19
Suriname,2016,18
Swaziland,2001,15
Swaziland,2002,19
Swaziland,2003,5
Swaziland,2004,14
Swaziland,2005,13
Swaziland,2006,22
Swaziland,2007,25
Swaziland,2008,32
Swaziland,2009,32
Swaziland,2010,36
Swaziland,2011,43
Swaziland,2012,65
Swaziland,2013,109
Swaziland,2014,161
Swaziland,2015,220
Swaziland,2016,229
Sweden,2001,5
Sweden,2002,28
Sweden,2003,32
Sweden,2004,29
Sweden,2005,75
Sweden,2006,16
Sweden,2007,16
Sweden,2008,15
Sweden,2009,19
Sweden,2010,25
Sweden,2011,24
Sweden,2012,20
Sweden,2013,16
Sweden,2014,18
Sweden,2015,16
Sweden,2016,15
Switzerland,2001,61
Switzerland,2002,56
Switzerland,2003,35
Switzerland,2004,12
Switzerland,2005,16
Switzerland,2006,36
Switzerland,2007,31
Switzerland,2008,32
Switzerland,2009,18
Switzerland,2010,19
Switzerland,2011,20
Switzerland,2012,17
Switzerland,2013,15
Switzerland,2014,19
Switzerland,2015,17
Switzerland,2016,6
Syrian Arab Rep.,2001,4869
Syrian Arab Rep.,2002,18913
Syrian Arab Rep.,2003,20819
Syrian Arab Rep.,2004,21434
Syrian Arab Rep.,2005,16401
Syrian Arab Rep.,2006,12337
Syrian Arab Rep.,2007,13690
Syrian Arab Rep.,2008,15211
Syrian Arab Rep.,2009,17914
Syrian Arab Rep.,2010,18452
Syrian Arab Rep.,2011,19931
Syrian Arab Rep.,2012,729022
Syrian Arab Rep.,2013,2468332
Syrian Arab Rep.,2014,3887491
Syrian Arab Rep.,2015,4873243
Syrian Arab Rep.,2016,5524377
Tajikistan,2001,56108
Tajikistan,2002,63267
Tajikistan,2003,58936
Tajikistan,2004,56775
Tajikistan,2005,54753
Tajikistan,2006,645
Tajikistan,2007,894
Tajikistan,2008,544
Tajikistan,2009,562
Tajikistan,2010,577
Tajikistan,2011,612
Tajikistan,2012,674
Tajikistan,2013,662
Tajikistan,2014,725
Tajikistan,2015,794
Tajikistan,2016,925
Thailand,2001,94
Thailand,2002,344
Thailand,2003,296
Thailand,2004,319
Thailand,2005,424
Thailand,2006,3325
Thailand,2007,2325
Thailand,2008,1815
Thailand,2009,502
Thailand,2010,356
Thailand,2011,368
Thailand,2012,381
Thailand,2013,222
Thailand,2014,233
Thailand,2015,222
Thailand,2016,158
The former Yugoslav Rep. of Macedonia,2001,12197
The former Yugoslav Rep. of Macedonia,2002,8107
The former Yugoslav Rep. of Macedonia,2003,5982
The former Yugoslav Rep. of Macedonia,2004,5104
The former Yugoslav Rep. of Macedonia,2005,8600
The former Yugoslav Rep. of Macedonia,2006,7940
The former Yugoslav Rep. of Macedonia,2007,8077
The former Yugoslav Rep. of Macedonia,2008,7521
The former Yugoslav Rep. of Macedonia,2009,7926
The former Yugoslav Rep. of Macedonia,2010,7889
The former Yugoslav Rep. of Macedonia,2011,7684
The former Yugoslav Rep. of Macedonia,2012,7589
The former Yugoslav Rep. of Macedonia,2013,1628
The former Yugoslav Rep. of Macedonia,2014,1759
The former Yugoslav Rep. of Macedonia,2015,1777
The former Yugoslav Rep. of Macedonia,2016,1738
Tibetans,2001,20720
Tibetans,2002,20631
Tibetans,2003,20039
Tibetans,2004,20040
Tibetans,2005,20198
Tibetans,2006,20184
Tibetans,2007,20170
Tibetans,2008,20079
Tibetans,2009,20080
Tibetans,2010,15082
Tibetans,2011,15068
Tibetans,2012,15000
Tibetans,2013,15065
Tibetans,2014,15069
Tibetans,2015,15071
Tibetans,2016,13534
Timor-Leste,2001,73042
Timor-Leste,2002,28097
Timor-Leste,2003,127
Timor-Leste,2004,221
Timor-Leste,2005,251
Timor-Leste,2006,251
Timor-Leste,2007,6
Timor-Leste,2008,7
Timor-Leste,2009,7
Timor-Leste,2010,8
Timor-Leste,2011,8
Timor-Leste,2012,9
Timor-Leste,2013,10
Timor-Leste,2014,13
Timor-Leste,2015,20
Timor-Leste,2016,22
Togo,2001,4354
Togo,2002,10448
Togo,2003,10614
Togo,2004,10818
Togo,2005,51107
Togo,2006,27332
Togo,2007,22502
Togo,2008,16750
Togo,2009,18378
Togo,2010,18330
Togo,2011,17871
Togo,2012,15693
Togo,2013,10319
Togo,2014,9276
Togo,2015,8785
Togo,2016,8310
Tonga,2001,1
Tonga,2002,8
Tonga,2003,12
Tonga,2004,5
Tonga,2005,4
Tonga,2006,6
Tonga,2007,5
Tonga,2008,7
Tonga,2009,5
Tonga,2010,6
Tonga,2011,10
Tonga,2012,13
Tonga,2013,18
Tonga,2014,22
Tonga,2015,24
Tonga,2016,27
Trinidad and Tobago,2001,16
Trinidad and Tobago,2002,35
Trinidad and Tobago,2003,38
Trinidad and Tobago,2004,41
Trinidad and Tobago,2005,63
Trinidad and Tobago,2006,153
Trinidad and Tobago,2007,211
Trinidad and Tobago,2008,231
Trinidad and Tobago,2009,240
Trinidad and Tobago,2010,255
Trinidad and Tobago,2011,297
Trinidad and Tobago,2012,333
Trinidad and Tobago,2013,336
Trinidad and Tobago,2014,371
Trinidad and Tobago,2015,369
Trinidad and Tobago,2016,295
Tunisia,2001,1368
Tunisia,2002,2543
Tunisia,2003,2563
Tunisia,2004,2516
Tunisia,2005,3129
Tunisia,2006,2844
Tunisia,2007,2507
Tunisia,2008,2349
Tunisia,2009,2260
Tunisia,2010,2174
Tunisia,2011,1952
Tunisia,2012,1935
Tunisia,2013,1363
Tunisia,2014,1485
Tunisia,2015,1567
Tunisia,2016,1700
Turkey,2001,47090
Turkey,2002,193704
Turkey,2003,185098
Turkey,2004,174578
Turkey,2005,170567
Turkey,2006,227232
Turkey,2007,221939
Turkey,2008,214378
Turkey,2009,146387
Turkey,2010,146794
Turkey,2011,139779
Turkey,2012,135372
Turkey,2013,66575
Turkey,2014,63892
Turkey,2015,59558
Turkey,2016,57925
Turkmenistan,2001,310
Turkmenistan,2002,801
Turkmenistan,2003,840
Turkmenistan,2004,812
Turkmenistan,2005,820
Turkmenistan,2006,692
Turkmenistan,2007,678
Turkmenistan,2008,736
Turkmenistan,2009,743
Turkmenistan,2010,738
Turkmenistan,2011,726
Turkmenistan,2012,723
Turkmenistan,2013,519
Turkmenistan,2014,484
Turkmenistan,2015,455
Turkmenistan,2016,377
Turks and Caicos Islands,2006,1
Turks and Caicos Islands,2007,1
Turks and Caicos Islands,2008,1
Turks and Caicos Islands,2009,1
Turks and Caicos Islands,2010,1
Turks and Caicos Islands,2011,14
Turks and Caicos Islands,2012,14
Turks and Caicos Islands,2013,15
Turks and Caicos Islands,2014,15
Turks and Caicos Islands,2015,14
Turks and Caicos Islands,2016,16
Tuvalu,2001,3
Tuvalu,2002,3
Tuvalu,2003,3
Tuvalu,2004,3
Tuvalu,2006,3
Tuvalu,2007,2
Tuvalu,2008,2
Tuvalu,2011,1
Tuvalu,2012,1
Tuvalu,2013,2
Tuvalu,2014,2
Tuvalu,2015,2
Tuvalu,2016,2
Uganda,2001,40141
Uganda,2002,40425
Uganda,2003,35247
Uganda,2004,31963
Uganda,2005,34225
Uganda,2006,21751
Uganda,2007,21341
Uganda,2008,7548
Uganda,2009,7554
Uganda,2010,6441
Uganda,2011,5680
Uganda,2012,5608
Uganda,2013,8176
Uganda,2014,7191
Uganda,2015,6316
Uganda,2016,6233
Ukraine,2001,26716
Ukraine,2002,85265
Ukraine,2003,94148
Ukraine,2004,89587
Ukraine,2005,84228
Ukraine,2006,63723
Ukraine,2007,25985
Ukraine,2008,28424
Ukraine,2009,24522
Ukraine,2010,25111
Ukraine,2011,25379
Ukraine,2012,25256
Ukraine,2013,5163
Ukraine,2014,237625
Ukraine,2015,321418
Ukraine,2016,239075
United Arab Emirates,2001,18
United Arab Emirates,2002,31
United Arab Emirates,2003,20
United Arab Emirates,2004,71
United Arab Emirates,2005,30
United Arab Emirates,2006,265
United Arab Emirates,2007,308
United Arab Emirates,2008,256
United Arab Emirates,2009,414
United Arab Emirates,2010,424
United Arab Emirates,2011,486
United Arab Emirates,2012,584
United Arab Emirates,2013,90
United Arab Emirates,2014,90
United Arab Emirates,2015,99
United Arab Emirates,2016,112
United Kingdom,2001,109
United Kingdom,2002,164
United Kingdom,2003,149
United Kingdom,2004,144
United Kingdom,2005,135
United Kingdom,2006,174
United Kingdom,2007,201
United Kingdom,2008,185
United Kingdom,2009,156
United Kingdom,2010,153
United Kingdom,2011,150
United Kingdom,2012,153
United Kingdom,2013,142
United Kingdom,2014,141
United Kingdom,2015,131
United Kingdom,2016,81
United Rep. of Tanzania,2001,378
United Rep. of Tanzania,2002,580
United Rep. of Tanzania,2003,711
United Rep. of Tanzania,2004,985
United Rep. of Tanzania,2005,1549
United Rep. of Tanzania,2006,1668
United Rep. of Tanzania,2007,1255
United Rep. of Tanzania,2008,1270
United Rep. of Tanzania,2009,1204
United Rep. of Tanzania,2010,1144
United Rep. of Tanzania,2011,1163
United Rep. of Tanzania,2012,1122
United Rep. of Tanzania,2013,1040
United Rep. of Tanzania,2014,858
United Rep. of Tanzania,2015,820
United Rep. of Tanzania,2016,594
United States,2001,219
United States,2002,383
United States,2003,395
United States,2004,451
United States,2005,683
United States,2006,1356
United States,2007,2174
United States,2008,2137
United States,2009,2368
United States,2010,3026
United States,2011,3778
United States,2012,4456
United States,2013,4760
United States,2014,4987
United States,2015,4832
United States,2016,310
Uruguay,2001,46
Uruguay,2002,61
Uruguay,2003,57
Uruguay,2004,81
Uruguay,2005,111
Uruguay,2006,164
Uruguay,2007,197
Uruguay,2008,199
Uruguay,2009,188
Uruguay,2010,186
Uruguay,2011,184
Uruguay,2012,171
Uruguay,2013,147
Uruguay,2014,124
Uruguay,2015,91
Uruguay,2016,27
Uzbekistan,2001,3458
Uzbekistan,2002,6881
Uzbekistan,2003,7391
Uzbekistan,2004,7290
Uzbekistan,2005,8323
Uzbekistan,2006,9101
Uzbekistan,2007,5663
Uzbekistan,2008,6308
Uzbekistan,2009,6669
Uzbekistan,2010,8840
Uzbekistan,2011,12664
Uzbekistan,2012,11593
Uzbekistan,2013,4952
Uzbekistan,2014,4795
Uzbekistan,2015,4206
Uzbekistan,2016,3836
Vanuatu,2010,1
Vanuatu,2011,1
Vanuatu,2012,1
Vanuatu,2013,1
Vanuatu,2014,1
Vanuatu,2015,1
Vanuatu,2016,2
Various,2001,1099539
Various,2002,289766
Various,2003,320108
Various,2004,351199
Various,2005,187215
Various,2006,246951
Various,2007,194062
Various,2008,190692
Various,2009,186684
Various,2010,167117
Various,2011,145048
Various,2012,132807
Various,2013,107207
Various,2014,101141
Various,2015,120132
Various,2016,138787
Venezuela,2001,466
Venezuela,2002,526
Venezuela,2003,598
Venezuela,2004,1256
Venezuela,2005,2590
Venezuela,2006,3828
Venezuela,2007,5094
Venezuela,2008,5807
Venezuela,2009,6221
Venezuela,2010,6701
Venezuela,2011,7577
Venezuela,2012,8208
Venezuela,2013,8395
Venezuela,2014,8009
Venezuela,2015,7454
Venezuela,2016,7537
Viet Nam,2001,353224
Viet Nam,2002,373741
Viet Nam,2003,363179
Viet Nam,2004,349803
Viet Nam,2005,358268
Viet Nam,2006,374279
Viet Nam,2007,327776
Viet Nam,2008,328183
Viet Nam,2009,339289
Viet Nam,2010,338698
Viet Nam,2011,337829
Viet Nam,2012,336939
Viet Nam,2013,314107
Viet Nam,2014,313418
Viet Nam,2015,313155
Viet Nam,2016,329351
Western Sahara,2001,165910
Western Sahara,2002,165884
Western Sahara,2003,165729
Western Sahara,2004,165731
Western Sahara,2005,90652
Western Sahara,2006,90614
Western Sahara,2007,116594
Western Sahara,2008,116530
Western Sahara,2009,116474
Western Sahara,2010,116415
Western Sahara,2011,116413
Western Sahara,2012,116452
Western Sahara,2013,116504
Western Sahara,2014,116482
Western Sahara,2015,116547
Western Sahara,2016,116649
Yemen,2001,1985
Yemen,2002,1600
Yemen,2003,1597
Yemen,2004,1606
Yemen,2005,1325
Yemen,2006,1362
Yemen,2007,1632
Yemen,2008,1777
Yemen,2009,1934
Yemen,2010,2076
Yemen,2011,2323
Yemen,2012,2594
Yemen,2013,2428
Yemen,2014,2631
Yemen,2015,15897
Yemen,2016,18452
Zambia,2001,62
Zambia,2002,92
Zambia,2003,100
Zambia,2004,124
Zambia,2005,151
Zambia,2006,203
Zambia,2007,196
Zambia,2008,195
Zambia,2009,206
Zambia,2010,228
Zambia,2011,240
Zambia,2012,243
Zambia,2013,232
Zambia,2014,316
Zambia,2015,344
Zambia,2016,265
Zimbabwe,2001,257
Zimbabwe,2002,4030
Zimbabwe,2003,7162
Zimbabwe,2004,9568
Zimbabwe,2005,11251
Zimbabwe,2006,12781
Zimbabwe,2007,14374
Zimbabwe,2008,16841
Zimbabwe,2009,22449
Zimbabwe,2010,24089
Zimbabwe,2011,25048
Zimbabwe,2012,22101
Zimbabwe,2013,19734
Zimbabwe,2014,22492
Zimbabwe,2015,21344
Zimbabwe,2016,18156
