Country,Year,Total refugees in
Afghanistan,2001,6
Afghanistan,2002,3
Afghanistan,2003,22
Afghanistan,2004,30
Afghanistan,2005,32
Afghanistan,2006,35
Afghanistan,2007,42
Afghanistan,2008,37
Afghanistan,2009,37
Afghanistan,2010,6434
Afghanistan,2011,3009
Afghanistan,2012,16187
Afghanistan,2013,16863
Afghanistan,2014,300423
Afghanistan,2015,257554
Afghanistan,2016,59771
Albania,2001,292
Albania,2002,17
Albania,2003,26
Albania,2004,51
Albania,2005,56
Albania,2006,56
Albania,2007,77
Albania,2008,65
Albania,2009,70
Albania,2010,76
Albania,2011,82
Albania,2012,86
Albania,2013,93
Albania,2014,104
Albania,2015,104
Albania,2016,138
Algeria,2001,169422
Algeria,2002,169233
Algeria,2003,169033
Algeria,2004,169048
Algeria,2005,94101
Algeria,2006,94180
Algeria,2007,94137
Algeria,2008,94093
Algeria,2009,94137
Algeria,2010,94144
Algeria,2011,94148
Algeria,2012,94133
Algeria,2013,94150
Algeria,2014,94128
Algeria,2015,94182
Algeria,2016,94232
Angola,2001,12250
Angola,2002,12250
Angola,2003,13382
Angola,2004,13970
Angola,2005,13984
Angola,2006,13090
Angola,2007,12069
Angola,2008,12710
Angola,2009,14734
Angola,2010,15155
Angola,2011,16223
Angola,2012,23413
Angola,2013,23783
Angola,2014,15474
Angola,2015,15555
Angola,2016,15555
Anguilla,2015,1
Anguilla,2016,1
Antigua and Barbuda,2015,15
Antigua and Barbuda,2016,4
Argentina,2001,2396
Argentina,2002,2439
Argentina,2003,2642
Argentina,2004,2916
Argentina,2005,3074
Argentina,2006,3158
Argentina,2007,3263
Argentina,2008,2845
Argentina,2009,3230
Argentina,2010,3276
Argentina,2011,3361
Argentina,2012,3488
Argentina,2013,3362
Argentina,2014,3498
Argentina,2015,3207
Argentina,2016,3293
Armenia,2001,264337
Armenia,2002,247550
Armenia,2003,239289
Armenia,2004,235235
Armenia,2005,219550
Armenia,2006,113714
Armenia,2007,4566
Armenia,2008,3953
Armenia,2009,3607
Armenia,2010,3296
Armenia,2011,2918
Armenia,2012,2854
Armenia,2013,13732
Armenia,2014,17640
Armenia,2015,19319
Armenia,2016,17886
Aruba,2013,1
Aruba,2015,2
Aruba,2016,1
Australia,2001,57895
Australia,2002,59436
Australia,2003,56258
Australia,2004,63476
Australia,2005,64964
Australia,2006,68948
Australia,2007,22164
Australia,2008,20919
Australia,2009,22548
Australia,2010,21805
Australia,2011,23434
Australia,2012,30083
Australia,2013,34503
Australia,2014,35582
Australia,2015,36917
Australia,2016,42188
Austria,2001,14390
Austria,2002,14130
Austria,2003,16109
Austria,2004,17795
Austria,2005,21230
Austria,2006,25486
Austria,2007,30773
Austria,2008,37557
Austria,2009,38906
Austria,2010,42630
Austria,2011,47073
Austria,2012,51730
Austria,2013,55598
Austria,2014,60747
Austria,2015,72216
Austria,2016,93250
Azerbaijan,2001,367
Azerbaijan,2002,458
Azerbaijan,2003,326
Azerbaijan,2004,8606
Azerbaijan,2005,3004
Azerbaijan,2006,2618
Azerbaijan,2007,2352
Azerbaijan,2008,2061
Azerbaijan,2009,1642
Azerbaijan,2010,1891
Azerbaijan,2011,1730
Azerbaijan,2012,1468
Azerbaijan,2013,1380
Azerbaijan,2014,1299
Azerbaijan,2015,1278
Azerbaijan,2016,1193
Bahamas,2010,28
Bahamas,2011,28
Bahamas,2012,37
Bahamas,2013,15
Bahamas,2014,13
Bahamas,2015,8
Bahamas,2016,13
Bahrain,2001,1
Bahrain,2006,1
Bahrain,2008,48
Bahrain,2009,139
Bahrain,2010,165
Bahrain,2011,199
Bahrain,2012,289
Bahrain,2013,294
Bahrain,2014,311
Bahrain,2015,247
Bahrain,2016,271
Bangladesh,2001,22173
Bangladesh,2002,22025
Bangladesh,2003,19792
Bangladesh,2004,20449
Bangladesh,2005,21098
Bangladesh,2006,26311
Bangladesh,2007,27573
Bangladesh,2008,28389
Bangladesh,2009,228586
Bangladesh,2010,229253
Bangladesh,2011,229669
Bangladesh,2012,230697
Bangladesh,2013,231145
Bangladesh,2014,232472
Bangladesh,2015,231958
Bangladesh,2016,276207
Barbados,2013,1
Barbados,2014,1
Belarus,2001,584
Belarus,2002,618
Belarus,2003,638
Belarus,2004,725
Belarus,2005,725
Belarus,2006,690
Belarus,2007,649
Belarus,2008,609
Belarus,2009,580
Belarus,2010,589
Belarus,2011,595
Belarus,2012,576
Belarus,2013,604
Belarus,2014,925
Belarus,2015,1809
Belarus,2016,1650
Belgium,2001,12265
Belgium,2002,12578
Belgium,2003,12595
Belgium,2004,13529
Belgium,2005,15282
Belgium,2006,16820
Belgium,2007,17575
Belgium,2008,17026
Belgium,2009,15545
Belgium,2010,17892
Belgium,2011,22402
Belgium,2012,22024
Belgium,2013,25629
Belgium,2014,29179
Belgium,2015,35314
Belgium,2016,42168
Belize,2001,1129
Belize,2002,1049
Belize,2003,861
Belize,2004,732
Belize,2005,624
Belize,2006,488
Belize,2007,358
Belize,2008,277
Belize,2009,230
Belize,2010,134
Belize,2011,78
Belize,2012,28
Belize,2013,21
Belize,2014,10
Belize,2015,35
Benin,2001,4799
Benin,2002,5021
Benin,2003,5034
Benin,2004,4802
Benin,2005,30294
Benin,2006,10797
Benin,2007,7621
Benin,2008,6933
Benin,2009,7205
Benin,2010,7139
Benin,2011,7217
Benin,2012,4966
Benin,2013,194
Benin,2014,415
Benin,2015,530
Benin,2016,809
Bolivia,2001,347
Bolivia,2002,350
Bolivia,2003,527
Bolivia,2004,524
Bolivia,2005,535
Bolivia,2006,567
Bolivia,2007,632
Bolivia,2008,664
Bolivia,2009,679
Bolivia,2010,695
Bolivia,2011,716
Bolivia,2012,733
Bolivia,2013,748
Bolivia,2014,763
Bolivia,2015,775
Bolivia,2016,786
Bosnia and Herzegovina,2001,32745
Bosnia and Herzegovina,2002,28022
Bosnia and Herzegovina,2003,22517
Bosnia and Herzegovina,2004,22215
Bosnia and Herzegovina,2005,10568
Bosnia and Herzegovina,2006,10318
Bosnia and Herzegovina,2007,7367
Bosnia and Herzegovina,2008,7257
Bosnia and Herzegovina,2009,7132
Bosnia and Herzegovina,2010,7016
Bosnia and Herzegovina,2011,6933
Bosnia and Herzegovina,2012,6903
Bosnia and Herzegovina,2013,6926
Bosnia and Herzegovina,2014,6890
Bosnia and Herzegovina,2015,6798
Bosnia and Herzegovina,2016,5271
Botswana,2001,3581
Botswana,2002,2805
Botswana,2003,2838
Botswana,2004,2839
Botswana,2005,3109
Botswana,2006,3160
Botswana,2007,2465
Botswana,2008,3019
Botswana,2009,3022
Botswana,2010,2986
Botswana,2011,3312
Botswana,2012,2785
Botswana,2013,2773
Botswana,2014,2645
Botswana,2015,2130
Botswana,2016,2093
Brazil,2001,2884
Brazil,2002,3182
Brazil,2003,3193
Brazil,2004,3345
Brazil,2005,3458
Brazil,2006,3492
Brazil,2007,20783
Brazil,2008,3852
Brazil,2009,4232
Brazil,2010,4357
Brazil,2011,4477
Brazil,2012,4689
Brazil,2013,5196
Brazil,2014,7490
Brazil,2015,8707
Brazil,2016,9689
British Virgin Islands,2010,2
British Virgin Islands,2011,2
British Virgin Islands,2012,2
Bulgaria,2001,3004
Bulgaria,2002,3658
Bulgaria,2003,4068
Bulgaria,2004,4684
Bulgaria,2005,4413
Bulgaria,2006,4504
Bulgaria,2007,4836
Bulgaria,2008,5129
Bulgaria,2009,5393
Bulgaria,2010,5530
Bulgaria,2011,5688
Bulgaria,2012,2288
Bulgaria,2013,4320
Bulgaria,2014,11046
Bulgaria,2015,16557
Bulgaria,2016,17814
Burkina Faso,2001,457
Burkina Faso,2002,457
Burkina Faso,2003,466
Burkina Faso,2004,492
Burkina Faso,2005,511
Burkina Faso,2006,511
Burkina Faso,2007,535
Burkina Faso,2008,557
Burkina Faso,2009,543
Burkina Faso,2010,531
Burkina Faso,2011,546
Burkina Faso,2012,39306
Burkina Faso,2013,29234
Burkina Faso,2014,31894
Burkina Faso,2015,34017
Burkina Faso,2016,32552
Burundi,2001,27896
Burundi,2002,40533
Burundi,2003,40971
Burundi,2004,48808
Burundi,2005,20681
Burundi,2006,13176
Burundi,2007,24483
Burundi,2008,21093
Burundi,2009,24967
Burundi,2010,29365
Burundi,2011,35659
Burundi,2012,41813
Burundi,2013,45490
Burundi,2014,52936
Burundi,2015,53363
Burundi,2016,57469
Cambodia,2001,50
Cambodia,2002,200
Cambodia,2003,76
Cambodia,2004,382
Cambodia,2005,127
Cambodia,2006,99
Cambodia,2007,179
Cambodia,2008,164
Cambodia,2009,135
Cambodia,2010,129
Cambodia,2011,64
Cambodia,2012,77
Cambodia,2013,68
Cambodia,2014,63
Cambodia,2015,76
Cambodia,2016,66
Cameroon,2001,41186
Cameroon,2002,58288
Cameroon,2003,58583
Cameroon,2004,58861
Cameroon,2005,52042
Cameroon,2006,35083
Cameroon,2007,60137
Cameroon,2008,81037
Cameroon,2009,99957
Cameroon,2010,104275
Cameroon,2011,100373
Cameroon,2012,98969
Cameroon,2013,114753
Cameroon,2014,264126
Cameroon,2015,342973
Cameroon,2016,375415
Canada,2001,129224
Canada,2002,129950
Canada,2003,133094
Canada,2004,141398
Canada,2005,147171
Canada,2006,151827
Canada,2007,175741
Canada,2008,173651
Canada,2009,169434
Canada,2010,165549
Canada,2011,164883
Canada,2012,163756
Canada,2013,160349
Canada,2014,149163
Canada,2015,135888
Canada,2016,97332
Cayman Islands,2009,1
Cayman Islands,2010,1
Cayman Islands,2011,3
Cayman Islands,2012,3
Cayman Islands,2013,6
Cayman Islands,2014,6
Cayman Islands,2015,12
Cayman Islands,2016,18
Central African Rep.,2001,49239
Central African Rep.,2002,50725
Central African Rep.,2003,44753
Central African Rep.,2004,25020
Central African Rep.,2005,24569
Central African Rep.,2006,12357
Central African Rep.,2007,7535
Central African Rep.,2008,7429
Central African Rep.,2009,27047
Central African Rep.,2010,21574
Central African Rep.,2011,16730
Central African Rep.,2012,14014
Central African Rep.,2013,14322
Central African Rep.,2014,7694
Central African Rep.,2015,7330
Central African Rep.,2016,12115
Chad,2001,12950
Chad,2002,33455
Chad,2003,146400
Chad,2004,259880
Chad,2005,275412
Chad,2006,286743
Chad,2007,294017
Chad,2008,330510
Chad,2009,338495
Chad,2010,347939
Chad,2011,366494
Chad,2012,373695
Chad,2013,434479
Chad,2014,452897
Chad,2015,369540
Chad,2016,391251
Chile,2001,389
Chile,2002,413
Chile,2003,466
Chile,2004,569
Chile,2005,806
Chile,2006,1134
Chile,2007,1376
Chile,2008,1613
Chile,2009,1539
Chile,2010,1621
Chile,2011,1674
Chile,2012,1695
Chile,2013,1743
Chile,2014,1773
Chile,2015,1849
Chile,2016,1737
China,2001,295325
China,2002,297277
China,2003,299354
China,2004,299375
China,2005,301041
China,2006,301027
China,2007,301078
China,2008,300967
China,2009,300989
China,2010,300986
China,2011,301018
China,2012,301037
China,2013,301047
China,2014,301052
China,2015,301052
China,2016,317255
Colombia,2001,210
Colombia,2002,205
Colombia,2003,186
Colombia,2004,141
Colombia,2005,155
Colombia,2006,143
Colombia,2007,168
Colombia,2008,170
Colombia,2009,196
Colombia,2010,212
Colombia,2011,219
Colombia,2012,219
Colombia,2013,224
Colombia,2014,213
Colombia,2015,226
Colombia,2016,258
Comoros,2001,13
Comoros,2005,1
Comoros,2006,1
Congo,2001,119147
Congo,2002,109201
Congo,2003,91362
Congo,2004,68536
Congo,2005,66075
Congo,2006,55788
Congo,2007,38472
Congo,2008,24779
Congo,2009,111411
Congo,2010,133112
Congo,2011,141232
Congo,2012,98455
Congo,2013,51037
Congo,2014,54842
Congo,2015,44955
Congo,2016,46457
Costa Rica,2001,8104
Costa Rica,2002,12433
Costa Rica,2003,13508
Costa Rica,2004,10413
Costa Rica,2005,11253
Costa Rica,2006,11515
Costa Rica,2007,17190
Costa Rica,2008,18136
Costa Rica,2009,19116
Costa Rica,2010,19505
Costa Rica,2011,20057
Costa Rica,2012,20449
Costa Rica,2013,20569
Costa Rica,2014,20744
Costa Rica,2015,3616
Costa Rica,2016,4180
Croatia,2001,21875
Croatia,2002,8392
Croatia,2003,4387
Croatia,2004,3663
Croatia,2005,2927
Croatia,2006,2443
Croatia,2007,1642
Croatia,2008,1597
Croatia,2009,1238
Croatia,2010,936
Croatia,2011,824
Croatia,2012,724
Croatia,2013,684
Croatia,2014,726
Croatia,2015,522
Croatia,2016,304
Cuba,2001,1036
Cuba,2002,1005
Cuba,2003,836
Cuba,2004,795
Cuba,2005,706
Cuba,2006,667
Cuba,2007,615
Cuba,2008,525
Cuba,2009,454
Cuba,2010,411
Cuba,2011,384
Cuba,2012,371
Cuba,2013,384
Cuba,2014,280
Cuba,2015,303
Cuba,2016,316
Curaçao,2010,7
Curaçao,2011,6
Curaçao,2012,14
Curaçao,2013,15
Curaçao,2014,37
Curaçao,2015,48
Curaçao,2016,54
Cyprus,2001,83
Cyprus,2002,173
Cyprus,2003,349
Cyprus,2004,531
Cyprus,2005,701
Cyprus,2006,924
Cyprus,2007,1194
Cyprus,2008,1465
Cyprus,2009,2888
Cyprus,2010,3394
Cyprus,2011,3503
Cyprus,2012,3631
Cyprus,2013,3883
Cyprus,2014,5126
Cyprus,2015,7067
Cyprus,2016,8484
Czechia,2001,1216
Czechia,2002,1297
Czechia,2003,1516
Czechia,2004,1623
Czechia,2005,1802
Czechia,2006,1887
Czechia,2007,2037
Czechia,2008,2110
Czechia,2009,2323
Czechia,2010,2449
Czechia,2011,2449
Czechia,2012,2805
Czechia,2013,2979
Czechia,2014,3137
Czechia,2015,3644
Czechia,2016,3644
Côte d'Ivoire,2001,126239
Côte d'Ivoire,2002,44749
Côte d'Ivoire,2003,75971
Côte d'Ivoire,2004,72088
Côte d'Ivoire,2005,41627
Côte d'Ivoire,2006,27288
Côte d'Ivoire,2007,24647
Côte d'Ivoire,2008,24811
Côte d'Ivoire,2009,24604
Côte d'Ivoire,2010,26218
Côte d'Ivoire,2011,24221
Côte d'Ivoire,2012,3980
Côte d'Ivoire,2013,2980
Côte d'Ivoire,2014,1925
Côte d'Ivoire,2015,1980
Côte d'Ivoire,2016,1399
Dem. Rep. of the Congo,2001,362012
Dem. Rep. of the Congo,2002,332978
Dem. Rep. of the Congo,2003,234033
Dem. Rep. of the Congo,2004,199323
Dem. Rep. of the Congo,2005,204341
Dem. Rep. of the Congo,2006,208371
Dem. Rep. of the Congo,2007,177390
Dem. Rep. of the Congo,2008,155162
Dem. Rep. of the Congo,2009,185809
Dem. Rep. of the Congo,2010,166336
Dem. Rep. of the Congo,2011,152749
Dem. Rep. of the Congo,2012,65109
Dem. Rep. of the Congo,2013,113362
Dem. Rep. of the Congo,2014,119754
Dem. Rep. of the Congo,2015,383095
Dem. Rep. of the Congo,2016,451956
Denmark,2001,73284
Denmark,2002,73597
Denmark,2003,69858
Denmark,2004,65310
Denmark,2005,44374
Denmark,2006,36659
Denmark,2007,26788
Denmark,2008,23401
Denmark,2009,20355
Denmark,2010,17922
Denmark,2011,13399
Denmark,2012,11814
Denmark,2013,13170
Denmark,2014,17785
Denmark,2015,27326
Denmark,2016,33507
Djibouti,2001,23176
Djibouti,2002,21702
Djibouti,2003,27034
Djibouti,2004,18035
Djibouti,2005,10456
Djibouti,2006,9259
Djibouti,2007,6651
Djibouti,2008,9228
Djibouti,2009,12111
Djibouti,2010,15104
Djibouti,2011,20340
Djibouti,2012,19139
Djibouti,2013,20015
Djibouti,2014,20530
Djibouti,2015,19365
Djibouti,2016,17683
Dominican Rep.,2010,599
Dominican Rep.,2011,595
Dominican Rep.,2012,758
Dominican Rep.,2013,721
Dominican Rep.,2014,608
Dominican Rep.,2015,615
Dominican Rep.,2016,592
Ecuador,2001,1715
Ecuador,2002,3240
Ecuador,2003,6381
Ecuador,2004,8450
Ecuador,2005,10063
Ecuador,2006,11789
Ecuador,2007,264907
Ecuador,2008,101398
Ecuador,2009,116557
Ecuador,2010,121249
Ecuador,2011,123436
Ecuador,2012,123824
Ecuador,2013,123209
Ecuador,2014,122161
Ecuador,2015,121535
Ecuador,2016,102848
Egypt,2001,7230
Egypt,2002,80494
Egypt,2003,88749
Egypt,2004,90343
Egypt,2005,88946
Egypt,2006,88022
Egypt,2007,97556
Egypt,2008,97861
Egypt,2009,94406
Egypt,2010,95056
Egypt,2011,95087
Egypt,2012,109933
Egypt,2013,230086
Egypt,2014,236090
Egypt,2015,212500
Egypt,2016,213530
El Salvador,2001,69
El Salvador,2002,74
El Salvador,2003,246
El Salvador,2004,235
El Salvador,2005,49
El Salvador,2006,39
El Salvador,2007,39
El Salvador,2008,32
El Salvador,2009,30
El Salvador,2010,38
El Salvador,2011,38
El Salvador,2012,45
El Salvador,2013,44
El Salvador,2014,35
El Salvador,2015,48
El Salvador,2016,45
Eritrea,2001,2272
Eritrea,2002,3619
Eritrea,2003,3889
Eritrea,2004,4240
Eritrea,2005,4418
Eritrea,2006,4621
Eritrea,2007,5042
Eritrea,2008,4862
Eritrea,2009,4751
Eritrea,2010,4809
Eritrea,2011,4719
Eritrea,2012,3600
Eritrea,2013,3166
Eritrea,2014,2898
Eritrea,2015,2549
Eritrea,2016,2342
Estonia,2001,11
Estonia,2002,10
Estonia,2003,12
Estonia,2004,11
Estonia,2005,7
Estonia,2006,5
Estonia,2007,18
Estonia,2008,22
Estonia,2009,24
Estonia,2010,39
Estonia,2011,50
Estonia,2012,63
Estonia,2013,70
Estonia,2014,90
Estonia,2015,168
Estonia,2016,322
Ethiopia,2001,152554
Ethiopia,2002,132940
Ethiopia,2003,130274
Ethiopia,2004,115980
Ethiopia,2005,100817
Ethiopia,2006,96980
Ethiopia,2007,85183
Ethiopia,2008,83583
Ethiopia,2009,121886
Ethiopia,2010,154295
Ethiopia,2011,288844
Ethiopia,2012,376393
Ethiopia,2013,433936
Ethiopia,2014,659524
Ethiopia,2015,736086
Ethiopia,2016,791631
Fiji,2009,2
Fiji,2010,1
Fiji,2011,7
Fiji,2012,6
Fiji,2013,5
Fiji,2014,13
Fiji,2015,12
Fiji,2016,12
Finland,2001,12728
Finland,2002,12490
Finland,2003,10843
Finland,2004,11325
Finland,2005,11809
Finland,2006,11827
Finland,2007,6204
Finland,2008,6617
Finland,2009,7447
Finland,2010,8724
Finland,2011,9175
Finland,2012,9919
Finland,2013,11252
Finland,2014,11798
Finland,2015,12703
Finland,2016,18401
France,2001,131601
France,2002,132182
France,2003,130838
France,2004,139852
France,2005,137316
France,2006,145996
France,2007,151789
France,2008,171206
France,2009,196364
France,2010,200687
France,2011,210207
France,2012,217865
France,2013,232487
France,2014,252264
France,2015,273126
France,2016,304546
Gabon,2001,15581
Gabon,2002,13473
Gabon,2003,14005
Gabon,2004,13787
Gabon,2005,8545
Gabon,2006,8429
Gabon,2007,8826
Gabon,2008,9001
Gabon,2009,8845
Gabon,2010,9015
Gabon,2011,1773
Gabon,2012,1663
Gabon,2013,1594
Gabon,2014,1013
Gabon,2015,943
Gabon,2016,931
Gambia,2001,8133
Gambia,2002,12120
Gambia,2003,7465
Gambia,2004,7343
Gambia,2005,7330
Gambia,2006,13761
Gambia,2007,14895
Gambia,2008,14836
Gambia,2009,10118
Gambia,2010,8378
Gambia,2011,9528
Gambia,2012,9853
Gambia,2013,9563
Gambia,2014,11608
Gambia,2015,7854
Gambia,2016,7940
Georgia,2001,7901
Georgia,2002,4192
Georgia,2003,3864
Georgia,2004,2559
Georgia,2005,2497
Georgia,2006,1373
Georgia,2007,1047
Georgia,2008,996
Georgia,2009,870
Georgia,2010,639
Georgia,2011,462
Georgia,2012,469
Georgia,2013,847
Georgia,2014,857
Georgia,2015,1979
Georgia,2016,2125
Germany,2001,903000
Germany,2002,980000
Germany,2003,960395
Germany,2004,876622
Germany,2005,700016
Germany,2006,605402
Germany,2007,578879
Germany,2008,582735
Germany,2009,593799
Germany,2010,594269
Germany,2011,571684
Germany,2012,589737
Germany,2013,187567
Germany,2014,216973
Germany,2015,316115
Germany,2016,669482
Ghana,2001,11792
Ghana,2002,33515
Ghana,2003,43947
Ghana,2004,42053
Ghana,2005,53537
Ghana,2006,44938
Ghana,2007,34958
Ghana,2008,18206
Ghana,2009,13658
Ghana,2010,13828
Ghana,2011,13588
Ghana,2012,16016
Ghana,2013,18681
Ghana,2014,18450
Ghana,2015,17406
Ghana,2016,11865
Greece,2001,6948
Greece,2002,2788
Greece,2003,2771
Greece,2004,2489
Greece,2005,2390
Greece,2006,2289
Greece,2007,2228
Greece,2008,2164
Greece,2009,1695
Greece,2010,1444
Greece,2011,1573
Greece,2012,2100
Greece,2013,3485
Greece,2014,10304
Greece,2015,24838
Greece,2016,46427
Grenada,2011,3
Grenada,2015,1
Grenada,2016,1
Guatemala,2001,729
Guatemala,2002,733
Guatemala,2003,715
Guatemala,2004,656
Guatemala,2005,391
Guatemala,2006,382
Guatemala,2007,379
Guatemala,2008,130
Guatemala,2009,131
Guatemala,2010,138
Guatemala,2011,147
Guatemala,2012,159
Guatemala,2013,160
Guatemala,2014,164
Guatemala,2015,226
Guatemala,2016,300
Guinea,2001,178444
Guinea,2002,182163
Guinea,2003,184341
Guinea,2004,139252
Guinea,2005,63525
Guinea,2006,31468
Guinea,2007,25226
Guinea,2008,21488
Guinea,2009,15325
Guinea,2010,14113
Guinea,2011,16609
Guinea,2012,10371
Guinea,2013,8560
Guinea,2014,8766
Guinea,2015,8839
Guinea,2016,5068
Guinea-Bissau,2001,7332
Guinea-Bissau,2002,7639
Guinea-Bissau,2003,7551
Guinea-Bissau,2004,7536
Guinea-Bissau,2005,7616
Guinea-Bissau,2006,7804
Guinea-Bissau,2007,7860
Guinea-Bissau,2008,7884
Guinea-Bissau,2009,7898
Guinea-Bissau,2010,7679
Guinea-Bissau,2011,7800
Guinea-Bissau,2012,7784
Guinea-Bissau,2013,8535
Guinea-Bissau,2014,8684
Guinea-Bissau,2015,8684
Guinea-Bissau,2016,9263
Guyana,2010,7
Guyana,2011,7
Guyana,2012,7
Guyana,2013,11
Guyana,2014,11
Guyana,2015,11
Guyana,2016,11
Haiti,2007,1
Haiti,2008,3
Haiti,2009,3
Haiti,2014,3
Haiti,2015,3
Haiti,2016,5
Honduras,2001,20
Honduras,2002,29
Honduras,2003,23
Honduras,2004,23
Honduras,2005,22
Honduras,2006,22
Honduras,2007,22
Honduras,2008,24
Honduras,2009,19
Honduras,2010,14
Honduras,2011,17
Honduras,2012,16
Honduras,2013,16
Honduras,2014,26
Honduras,2015,30
Honduras,2016,16
"Hong Kong SAR, China",2001,1390
"Hong Kong SAR, China",2002,1496
"Hong Kong SAR, China",2003,1902
"Hong Kong SAR, China",2004,1868
"Hong Kong SAR, China",2005,1934
"Hong Kong SAR, China",2006,1940
"Hong Kong SAR, China",2007,97
"Hong Kong SAR, China",2008,103
"Hong Kong SAR, China",2009,86
"Hong Kong SAR, China",2010,154
"Hong Kong SAR, China",2011,152
"Hong Kong SAR, China",2012,117
"Hong Kong SAR, China",2013,126
"Hong Kong SAR, China",2014,170
"Hong Kong SAR, China",2015,133
"Hong Kong SAR, China",2016,110
Hungary,2001,4710
Hungary,2002,6088
Hungary,2003,7023
Hungary,2004,7708
Hungary,2005,8046
Hungary,2006,8075
Hungary,2007,8131
Hungary,2008,7750
Hungary,2009,6044
Hungary,2010,5414
Hungary,2011,5106
Hungary,2012,4054
Hungary,2013,2440
Hungary,2014,2867
Hungary,2015,4393
Hungary,2016,4748
Iceland,2001,213
Iceland,2002,207
Iceland,2003,239
Iceland,2004,239
Iceland,2005,293
Iceland,2006,267
Iceland,2007,49
Iceland,2008,49
Iceland,2009,62
Iceland,2010,83
Iceland,2011,58
Iceland,2012,60
Iceland,2013,79
Iceland,2014,99
Iceland,2015,179
Iceland,2016,179
India,2001,169549
India,2002,168855
India,2003,164757
India,2004,162687
India,2005,139283
India,2006,158366
India,2007,161537
India,2008,184543
India,2009,185323
India,2010,184821
India,2011,185118
India,2012,185656
India,2013,188395
India,2014,199937
India,2015,201381
India,2016,197851
Indonesia,2001,73551
Indonesia,2002,28596
Indonesia,2003,233
Indonesia,2004,169
Indonesia,2005,89
Indonesia,2006,301
Indonesia,2007,315
Indonesia,2008,369
Indonesia,2009,798
Indonesia,2010,811
Indonesia,2011,1006
Indonesia,2012,1819
Indonesia,2013,3206
Indonesia,2014,4270
Indonesia,2015,5957
Indonesia,2016,7827
Iraq,2001,128142
Iraq,2002,134190
Iraq,2003,46721
Iraq,2004,46053
Iraq,2005,50177
Iraq,2006,44406
Iraq,2007,42354
Iraq,2008,39503
Iraq,2009,35218
Iraq,2010,34655
Iraq,2011,35189
Iraq,2012,98822
Iraq,2013,246298
Iraq,2014,271143
Iraq,2015,277701
Iraq,2016,261888
Ireland,2001,3598
Ireland,2002,5380
Ireland,2003,5971
Ireland,2004,6542
Ireland,2005,7113
Ireland,2006,7917
Ireland,2007,9333
Ireland,2008,9730
Ireland,2009,9571
Ireland,2010,9107
Ireland,2011,8248
Ireland,2012,6327
Ireland,2013,6001
Ireland,2014,5853
Ireland,2015,6125
Ireland,2016,5731
Islamic Rep. of Iran,2001,1868000
Islamic Rep. of Iran,2002,1306599
Islamic Rep. of Iran,2003,984896
Islamic Rep. of Iran,2004,1045976
Islamic Rep. of Iran,2005,974302
Islamic Rep. of Iran,2006,968370
Islamic Rep. of Iran,2007,963546
Islamic Rep. of Iran,2008,980109
Islamic Rep. of Iran,2009,1070488
Islamic Rep. of Iran,2010,1073366
Islamic Rep. of Iran,2011,886468
Islamic Rep. of Iran,2012,868242
Islamic Rep. of Iran,2013,857354
Islamic Rep. of Iran,2014,982027
Islamic Rep. of Iran,2015,979437
Islamic Rep. of Iran,2016,979435
Israel,2001,4168
Israel,2002,4179
Israel,2003,4179
Israel,2004,574
Israel,2005,609
Israel,2006,837
Israel,2007,1156
Israel,2008,9137
Israel,2009,17736
Israel,2010,25471
Israel,2011,41235
Israel,2012,48505
Israel,2013,48201
Israel,2014,39716
Israel,2015,32946
Israel,2016,32946
Italy,2001,8571
Italy,2002,10060
Italy,2003,12841
Italy,2004,15674
Italy,2005,20675
Italy,2006,26875
Italy,2007,38068
Italy,2008,47061
Italy,2009,54965
Italy,2010,56397
Italy,2011,58060
Italy,2012,64779
Italy,2013,76264
Italy,2014,93715
Italy,2015,118047
Italy,2016,147370
Jamaica,2009,26
Jamaica,2010,21
Jamaica,2011,20
Jamaica,2012,20
Jamaica,2013,21
Jamaica,2014,22
Jamaica,2015,12
Jamaica,2016,15
Japan,2001,3200
Japan,2002,2657
Japan,2003,2266
Japan,2004,1967
Japan,2005,1941
Japan,2006,1844
Japan,2007,1794
Japan,2008,2019
Japan,2009,2332
Japan,2010,2586
Japan,2011,2649
Japan,2012,2581
Japan,2013,2584
Japan,2014,2560
Japan,2015,2474
Japan,2016,2514
Jordan,2001,1067
Jordan,2002,1199
Jordan,2003,1196
Jordan,2004,1100
Jordan,2005,965
Jordan,2006,500229
Jordan,2007,500281
Jordan,2008,500413
Jordan,2009,450756
Jordan,2010,450915
Jordan,2011,451009
Jordan,2012,302707
Jordan,2013,641915
Jordan,2014,654141
Jordan,2015,664118
Jordan,2016,685197
Kazakhstan,2001,19531
Kazakhstan,2002,20610
Kazakhstan,2003,15831
Kazakhstan,2004,15844
Kazakhstan,2005,7265
Kazakhstan,2006,4412
Kazakhstan,2007,4285
Kazakhstan,2008,4352
Kazakhstan,2009,4340
Kazakhstan,2010,4406
Kazakhstan,2011,616
Kazakhstan,2012,564
Kazakhstan,2013,584
Kazakhstan,2014,633
Kazakhstan,2015,708
Kazakhstan,2016,653
Kenya,2001,239221
Kenya,2002,233671
Kenya,2003,237512
Kenya,2004,239835
Kenya,2005,251271
Kenya,2006,272531
Kenya,2007,265729
Kenya,2008,320605
Kenya,2009,358928
Kenya,2010,402905
Kenya,2011,566487
Kenya,2012,564933
Kenya,2013,534938
Kenya,2014,551352
Kenya,2015,553912
Kenya,2016,451099
Kuwait,2001,1255
Kuwait,2002,1521
Kuwait,2003,1518
Kuwait,2004,1519
Kuwait,2005,1523
Kuwait,2006,50
Kuwait,2007,38159
Kuwait,2008,38238
Kuwait,2009,221
Kuwait,2010,184
Kuwait,2011,335
Kuwait,2012,674
Kuwait,2013,635
Kuwait,2014,614
Kuwait,2015,741
Kuwait,2016,939
Kyrgyzstan,2001,9296
Kyrgyzstan,2002,7708
Kyrgyzstan,2003,5591
Kyrgyzstan,2004,3753
Kyrgyzstan,2005,2598
Kyrgyzstan,2006,366
Kyrgyzstan,2007,723
Kyrgyzstan,2008,375
Kyrgyzstan,2009,423
Kyrgyzstan,2010,2458
Kyrgyzstan,2011,6095
Kyrgyzstan,2012,4941
Kyrgyzstan,2013,466
Kyrgyzstan,2014,482
Kyrgyzstan,2015,354
Kyrgyzstan,2016,339
Latvia,2001,8
Latvia,2002,7
Latvia,2003,17
Latvia,2004,11
Latvia,2005,11
Latvia,2006,21
Latvia,2007,29
Latvia,2008,32
Latvia,2009,43
Latvia,2010,68
Latvia,2011,95
Latvia,2012,125
Latvia,2013,160
Latvia,2014,183
Latvia,2015,208
Latvia,2016,349
Lebanon,2001,2815
Lebanon,2002,2820
Lebanon,2003,2522
Lebanon,2004,1753
Lebanon,2005,1078
Lebanon,2006,20164
Lebanon,2007,50337
Lebanon,2008,50419
Lebanon,2009,50413
Lebanon,2010,8063
Lebanon,2011,8990
Lebanon,2012,133940
Lebanon,2013,856546
Lebanon,2014,1154040
Lebanon,2015,1070854
Lebanon,2016,1012969
Lesotho,2001,39
Lesotho,2011,34
Lesotho,2012,34
Lesotho,2013,30
Lesotho,2014,44
Lesotho,2015,31
Lesotho,2016,45
Liberia,2001,54760
Liberia,2002,64956
Liberia,2003,33997
Liberia,2004,15172
Liberia,2005,10168
Liberia,2006,16185
Liberia,2007,10466
Liberia,2008,10224
Liberia,2009,6952
Liberia,2010,24743
Liberia,2011,128293
Liberia,2012,65909
Liberia,2013,53253
Liberia,2014,38595
Liberia,2015,36505
Liberia,2016,18990
Libya,2001,11664
Libya,2002,11666
Libya,2003,11897
Libya,2004,12166
Libya,2005,12166
Libya,2006,2760
Libya,2007,4098
Libya,2008,6713
Libya,2009,9005
Libya,2010,7923
Libya,2011,10130
Libya,2012,7065
Libya,2013,25561
Libya,2014,27964
Libya,2015,9305
Libya,2016,9310
Liechtenstein,2001,141
Liechtenstein,2002,128
Liechtenstein,2003,149
Liechtenstein,2004,149
Liechtenstein,2005,150
Liechtenstein,2006,277
Liechtenstein,2007,283
Liechtenstein,2008,89
Liechtenstein,2009,91
Liechtenstein,2010,92
Liechtenstein,2011,94
Liechtenstein,2012,102
Liechtenstein,2013,97
Liechtenstein,2014,103
Liechtenstein,2015,150
Liechtenstein,2016,163
Lithuania,2001,287
Lithuania,2002,368
Lithuania,2003,403
Lithuania,2004,470
Lithuania,2005,531
Lithuania,2006,531
Lithuania,2007,688
Lithuania,2008,751
Lithuania,2009,793
Lithuania,2010,803
Lithuania,2011,821
Lithuania,2012,871
Lithuania,2013,916
Lithuania,2014,1007
Lithuania,2015,1093
Lithuania,2016,1093
Luxembourg,2001,1201
Luxembourg,2002,1201
Luxembourg,2003,1201
Luxembourg,2004,1590
Luxembourg,2005,1822
Luxembourg,2006,2206
Luxembourg,2007,2737
Luxembourg,2008,3109
Luxembourg,2009,3230
Luxembourg,2010,3254
Luxembourg,2011,2855
Luxembourg,2012,2910
Luxembourg,2013,920
Luxembourg,2014,1108
Luxembourg,2015,1332
Luxembourg,2016,2046
"Macao SAR, China",2009,6
"Macao SAR, China",2011,1
Madagascar,2001,34
Madagascar,2011,9
Madagascar,2012,9
Madagascar,2013,12
Madagascar,2014,11
Madagascar,2015,10
Madagascar,2016,28
Malawi,2001,6200
Malawi,2002,2166
Malawi,2003,3202
Malawi,2004,3682
Malawi,2005,4240
Malawi,2006,3943
Malawi,2007,2929
Malawi,2008,4175
Malawi,2009,5443
Malawi,2010,5740
Malawi,2011,6308
Malawi,2012,6544
Malawi,2013,5796
Malawi,2014,5874
Malawi,2015,9019
Malawi,2016,9392
Malaysia,2001,50466
Malaysia,2002,50612
Malaysia,2003,7424
Malaysia,2004,24905
Malaysia,2005,33693
Malaysia,2006,37170
Malaysia,2007,32658
Malaysia,2008,36671
Malaysia,2009,66137
Malaysia,2010,81516
Malaysia,2011,86680
Malaysia,2012,90185
Malaysia,2013,97513
Malaysia,2014,99381
Malaysia,2015,94166
Malaysia,2016,92263
Mali,2001,8439
Mali,2002,9095
Mali,2003,10009
Mali,2004,11256
Mali,2005,11233
Mali,2006,10585
Mali,2007,9203
Mali,2008,9578
Mali,2009,13538
Mali,2010,13558
Mali,2011,15624
Mali,2012,13928
Mali,2013,14316
Mali,2014,15195
Mali,2015,15917
Mali,2016,17512
Malta,2001,176
Malta,2002,307
Malta,2003,895
Malta,2004,1558
Malta,2005,1939
Malta,2006,2404
Malta,2007,3000
Malta,2008,4332
Malta,2009,5955
Malta,2010,6136
Malta,2011,6952
Malta,2012,8248
Malta,2013,9906
Malta,2014,6095
Malta,2015,7075
Malta,2016,7948
Mauritania,2001,365
Mauritania,2002,405
Mauritania,2003,475
Mauritania,2004,473
Mauritania,2005,632
Mauritania,2006,770
Mauritania,2007,30471
Mauritania,2008,27041
Mauritania,2009,26795
Mauritania,2010,26717
Mauritania,2011,26535
Mauritania,2012,80496
Mauritania,2013,92767
Mauritania,2014,75635
Mauritania,2015,77394
Mauritania,2016,74148
Mauritius,2001,14
Mexico,2001,15455
Mexico,2002,12962
Mexico,2003,6075
Mexico,2004,4343
Mexico,2005,3229
Mexico,2006,3319
Mexico,2007,1616
Mexico,2008,1055
Mexico,2009,1235
Mexico,2010,1395
Mexico,2011,1677
Mexico,2012,1520
Mexico,2013,1831
Mexico,2014,1837
Mexico,2015,2923
Mexico,2016,6202
Micronesia (Federated States of),2006,2
Micronesia (Federated States of),2007,2
Micronesia (Federated States of),2008,1
Micronesia (Federated States of),2009,1
Micronesia (Federated States of),2015,3
Micronesia (Federated States of),2016,4
Monaco,2011,37
Monaco,2012,37
Monaco,2013,34
Monaco,2014,33
Monaco,2015,32
Monaco,2016,32
Mongolia,2006,5
Mongolia,2007,5
Mongolia,2008,11
Mongolia,2009,11
Mongolia,2010,12
Mongolia,2011,1
Mongolia,2012,4
Mongolia,2013,9
Mongolia,2014,6
Mongolia,2015,9
Mongolia,2016,8
Montenegro,2006,6926
Montenegro,2007,8528
Montenegro,2008,24741
Montenegro,2009,24019
Montenegro,2010,16364
Montenegro,2011,12874
Montenegro,2012,11198
Montenegro,2013,8476
Montenegro,2014,6462
Montenegro,2015,1771
Montenegro,2016,974
Morocco,2001,2091
Morocco,2002,2127
Morocco,2003,2121
Morocco,2004,195
Morocco,2005,219
Morocco,2006,503
Morocco,2007,786
Morocco,2008,766
Morocco,2009,773
Morocco,2010,792
Morocco,2011,736
Morocco,2012,744
Morocco,2013,1470
Morocco,2014,1216
Morocco,2015,3908
Morocco,2016,4771
Mozambique,2001,207
Mozambique,2002,207
Mozambique,2003,311
Mozambique,2004,623
Mozambique,2005,1954
Mozambique,2006,2558
Mozambique,2007,2767
Mozambique,2008,3163
Mozambique,2009,3547
Mozambique,2010,4077
Mozambique,2011,4079
Mozambique,2012,4398
Mozambique,2013,4445
Mozambique,2014,4536
Mozambique,2015,5622
Mozambique,2016,4671
Namibia,2001,30885
Namibia,2002,21651
Namibia,2003,19800
Namibia,2004,14773
Namibia,2005,5307
Namibia,2006,5462
Namibia,2007,6525
Namibia,2008,6799
Namibia,2009,7163
Namibia,2010,7254
Namibia,2011,6049
Namibia,2012,1806
Namibia,2013,2332
Namibia,2014,1767
Namibia,2015,1737
Namibia,2016,1757
Nauru,2014,389
Nauru,2015,506
Nauru,2016,506
Nepal,2001,130945
Nepal,2002,132436
Nepal,2003,123667
Nepal,2004,124928
Nepal,2005,126436
Nepal,2006,128175
Nepal,2007,130681
Nepal,2008,124832
Nepal,2009,108461
Nepal,2010,89808
Nepal,2011,72654
Nepal,2012,56264
Nepal,2013,46305
Nepal,2014,38490
Nepal,2015,32667
Nepal,2016,25249
Netherlands,2001,151928
Netherlands,2002,148362
Netherlands,2003,140886
Netherlands,2004,126805
Netherlands,2005,118189
Netherlands,2006,100574
Netherlands,2007,86587
Netherlands,2008,77600
Netherlands,2009,76008
Netherlands,2010,74961
Netherlands,2011,74598
Netherlands,2012,71909
Netherlands,2013,74707
Netherlands,2014,82494
Netherlands,2015,88536
Netherlands,2016,101744
New Zealand,2001,5264
New Zealand,2002,5757
New Zealand,2003,5807
New Zealand,2004,5350
New Zealand,2005,5307
New Zealand,2006,4906
New Zealand,2007,2740
New Zealand,2008,2716
New Zealand,2009,3289
New Zealand,2010,2307
New Zealand,2011,1934
New Zealand,2012,1517
New Zealand,2013,1403
New Zealand,2014,1349
New Zealand,2015,1337
New Zealand,2016,1421
Nicaragua,2001,325
Nicaragua,2002,325
Nicaragua,2003,300
Nicaragua,2004,292
Nicaragua,2005,227
Nicaragua,2006,199
Nicaragua,2007,184
Nicaragua,2008,147
Nicaragua,2009,120
Nicaragua,2010,64
Nicaragua,2011,86
Nicaragua,2012,129
Nicaragua,2013,189
Nicaragua,2014,280
Nicaragua,2015,330
Nicaragua,2016,331
Niger,2001,83
Niger,2002,296
Niger,2003,328
Niger,2004,344
Niger,2005,301
Niger,2006,317
Niger,2007,319
Niger,2008,320
Niger,2009,325
Niger,2010,314
Niger,2011,302
Niger,2012,50510
Niger,2013,57661
Niger,2014,77830
Niger,2015,124721
Niger,2016,166093
Nigeria,2001,7200
Nigeria,2002,7355
Nigeria,2003,9171
Nigeria,2004,8395
Nigeria,2005,9019
Nigeria,2006,8768
Nigeria,2007,8460
Nigeria,2008,10124
Nigeria,2009,9127
Nigeria,2010,8747
Nigeria,2011,8806
Nigeria,2012,3154
Nigeria,2013,1694
Nigeria,2014,1239
Nigeria,2015,1395
Nigeria,2016,1367
Norway,2001,50128
Norway,2002,50432
Norway,2003,46109
Norway,2004,44046
Norway,2005,43034
Norway,2006,43336
Norway,2007,34522
Norway,2008,36101
Norway,2009,37826
Norway,2010,40260
Norway,2011,40691
Norway,2012,42822
Norway,2013,46106
Norway,2014,47043
Norway,2015,50389
Norway,2016,59522
Oman,2004,7
Oman,2005,7
Oman,2006,7
Oman,2007,7
Oman,2008,7
Oman,2009,26
Oman,2010,78
Oman,2011,83
Oman,2012,138
Oman,2013,138
Oman,2014,151
Oman,2015,245
Oman,2016,317
Pakistan,2001,2198797
Pakistan,2002,1227433
Pakistan,2003,1124298
Pakistan,2004,1290984
Pakistan,2005,1084694
Pakistan,2006,1044462
Pakistan,2007,2035023
Pakistan,2008,1780935
Pakistan,2009,1740711
Pakistan,2010,1900621
Pakistan,2011,1702700
Pakistan,2012,1638456
Pakistan,2013,1616507
Pakistan,2014,1505525
Pakistan,2015,1561162
Pakistan,2016,1352560
Palau,2009,11
Palau,2011,1
Palau,2012,1
Palau,2013,1
Palau,2014,1
Palau,2016,1
Panama,2001,1474
Panama,2002,1573
Panama,2003,1445
Panama,2004,1608
Panama,2005,1730
Panama,2006,1848
Panama,2007,16890
Panama,2008,16913
Panama,2009,16923
Panama,2010,17073
Panama,2011,17262
Panama,2012,17429
Panama,2013,17665
Panama,2014,17271
Panama,2015,17322
Panama,2016,17350
Papua New Guinea,2001,4941
Papua New Guinea,2002,4941
Papua New Guinea,2003,7491
Papua New Guinea,2004,7627
Papua New Guinea,2005,9999
Papua New Guinea,2006,10183
Papua New Guinea,2007,10003
Papua New Guinea,2008,10006
Papua New Guinea,2009,9703
Papua New Guinea,2010,9698
Papua New Guinea,2011,9377
Papua New Guinea,2012,9383
Papua New Guinea,2013,9378
Papua New Guinea,2014,9510
Papua New Guinea,2015,9510
Papua New Guinea,2016,9536
Paraguay,2001,21
Paraguay,2002,21
Paraguay,2003,28
Paraguay,2004,41
Paraguay,2005,50
Paraguay,2006,59
Paraguay,2007,62
Paraguay,2008,75
Paraguay,2009,89
Paraguay,2010,107
Paraguay,2011,124
Paraguay,2012,133
Paraguay,2013,136
Paraguay,2014,153
Paraguay,2015,172
Paraguay,2016,204
Peru,2001,683
Peru,2002,688
Peru,2003,718
Peru,2004,766
Peru,2005,848
Peru,2006,911
Peru,2007,995
Peru,2008,1075
Peru,2009,1108
Peru,2010,1146
Peru,2011,1144
Peru,2012,1122
Peru,2013,1162
Peru,2014,1303
Peru,2015,1488
Peru,2016,1649
Philippines,2001,136
Philippines,2002,114
Philippines,2003,108
Philippines,2004,107
Philippines,2005,96
Philippines,2006,100
Philippines,2007,106
Philippines,2008,104
Philippines,2009,95
Philippines,2010,243
Philippines,2011,125
Philippines,2012,141
Philippines,2013,182
Philippines,2014,222
Philippines,2015,269
Philippines,2016,408
Poland,2001,1311
Poland,2002,1591
Poland,2003,1836
Poland,2004,2507
Poland,2005,4604
Poland,2006,6790
Poland,2007,10053
Poland,2008,12774
Poland,2009,15320
Poland,2010,15555
Poland,2011,15847
Poland,2012,15911
Poland,2013,16438
Poland,2014,15741
Poland,2015,14065
Poland,2016,11747
Portugal,2001,449
Portugal,2002,462
Portugal,2003,418
Portugal,2004,377
Portugal,2005,363
Portugal,2006,333
Portugal,2007,353
Portugal,2008,403
Portugal,2009,389
Portugal,2010,384
Portugal,2011,408
Portugal,2012,483
Portugal,2013,598
Portugal,2014,699
Portugal,2015,853
Portugal,2016,1194
Qatar,2001,67
Qatar,2002,46
Qatar,2003,46
Qatar,2004,46
Qatar,2005,46
Qatar,2006,46
Qatar,2007,46
Qatar,2008,13
Qatar,2009,29
Qatar,2010,51
Qatar,2011,80
Qatar,2012,80
Qatar,2013,130
Qatar,2014,133
Qatar,2015,120
Qatar,2016,177
Rep. of Korea,2001,7
Rep. of Korea,2002,17
Rep. of Korea,2003,25
Rep. of Korea,2004,44
Rep. of Korea,2005,69
Rep. of Korea,2006,96
Rep. of Korea,2007,118
Rep. of Korea,2008,172
Rep. of Korea,2009,268
Rep. of Korea,2010,358
Rep. of Korea,2011,401
Rep. of Korea,2012,487
Rep. of Korea,2013,548
Rep. of Korea,2014,1173
Rep. of Korea,2015,1463
Rep. of Korea,2016,1807
Rep. of Moldova,2001,159
Rep. of Moldova,2002,173
Rep. of Moldova,2003,102
Rep. of Moldova,2004,57
Rep. of Moldova,2005,84
Rep. of Moldova,2006,161
Rep. of Moldova,2007,151
Rep. of Moldova,2008,148
Rep. of Moldova,2009,141
Rep. of Moldova,2010,148
Rep. of Moldova,2011,146
Rep. of Moldova,2012,185
Rep. of Moldova,2013,250
Rep. of Moldova,2014,335
Rep. of Moldova,2015,446
Rep. of Moldova,2016,432
Romania,2001,1805
Romania,2002,1857
Romania,2003,2011
Romania,2004,1627
Romania,2005,2056
Romania,2006,1658
Romania,2007,1757
Romania,2008,1596
Romania,2009,1069
Romania,2010,1021
Romania,2011,1005
Romania,2012,1262
Romania,2013,1770
Romania,2014,2182
Romania,2015,2598
Romania,2016,2905
Russian Federation,2001,17970
Russian Federation,2002,14969
Russian Federation,2003,9899
Russian Federation,2004,1852
Russian Federation,2005,1523
Russian Federation,2006,1425
Russian Federation,2007,1655
Russian Federation,2008,3479
Russian Federation,2009,4880
Russian Federation,2010,4922
Russian Federation,2011,3914
Russian Federation,2012,3178
Russian Federation,2013,3458
Russian Federation,2014,235750
Russian Federation,2015,314507
Russian Federation,2016,228990
Rwanda,2001,34786
Rwanda,2002,30863
Rwanda,2003,36608
Rwanda,2004,50221
Rwanda,2005,45206
Rwanda,2006,49192
Rwanda,2007,53577
Rwanda,2008,55062
Rwanda,2009,54016
Rwanda,2010,55398
Rwanda,2011,55325
Rwanda,2012,58212
Rwanda,2013,73349
Rwanda,2014,73820
Rwanda,2015,144737
Rwanda,2016,156065
Saint Kitts and Nevis,2014,1
Saint Lucia,2011,2
Saint Lucia,2012,2
Saint Lucia,2013,5
Saint Lucia,2014,3
Saint Lucia,2015,1
Saint Lucia,2016,2
Samoa,2016,3
Saudi Arabia,2001,245268
Saudi Arabia,2002,245290
Saudi Arabia,2003,240835
Saudi Arabia,2004,240552
Saudi Arabia,2005,240701
Saudi Arabia,2006,240772
Saudi Arabia,2007,240742
Saudi Arabia,2008,240572
Saudi Arabia,2009,575
Saudi Arabia,2010,582
Saudi Arabia,2011,599
Saudi Arabia,2012,577
Saudi Arabia,2013,559
Saudi Arabia,2014,561
Saudi Arabia,2015,125
Saudi Arabia,2016,140
Senegal,2001,20707
Senegal,2002,20711
Senegal,2003,20726
Senegal,2004,20804
Senegal,2005,20712
Senegal,2006,20591
Senegal,2007,20421
Senegal,2008,33193
Senegal,2009,22151
Senegal,2010,20672
Senegal,2011,20644
Senegal,2012,14237
Senegal,2013,14247
Senegal,2014,14274
Senegal,2015,14392
Senegal,2016,14584
Serbia and Kosovo,2001,400304
Serbia and Kosovo,2002,354402
Serbia and Kosovo,2003,291403
Serbia and Kosovo,2004,276683
Serbia and Kosovo,2005,148264
Serbia and Kosovo,2006,98997
Serbia and Kosovo,2007,97995
Serbia and Kosovo,2008,96739
Serbia and Kosovo,2009,86351
Serbia and Kosovo,2010,73608
Serbia and Kosovo,2011,70707
Serbia and Kosovo,2012,66370
Serbia and Kosovo,2013,57083
Serbia and Kosovo,2014,43751
Serbia and Kosovo,2015,35332
Serbia and Kosovo,2016,36522
Seychelles,2016,2
Sierra Leone,2001,10501
Sierra Leone,2002,63494
Sierra Leone,2003,61194
Sierra Leone,2004,65437
Sierra Leone,2005,59965
Sierra Leone,2006,27365
Sierra Leone,2007,8795
Sierra Leone,2008,7826
Sierra Leone,2009,9051
Sierra Leone,2010,8363
Sierra Leone,2011,8092
Sierra Leone,2012,4204
Sierra Leone,2013,2817
Sierra Leone,2014,1372
Sierra Leone,2015,760
Sierra Leone,2016,683
Singapore,2001,2
Singapore,2002,2
Singapore,2003,1
Singapore,2004,1
Singapore,2005,3
Singapore,2006,1
Singapore,2007,10
Singapore,2008,10
Singapore,2009,7
Singapore,2010,7
Singapore,2011,3
Singapore,2012,3
Singapore,2013,3
Singapore,2014,3
Sint Maarten (Dutch part),2010,1
Sint Maarten (Dutch part),2011,3
Sint Maarten (Dutch part),2012,3
Sint Maarten (Dutch part),2013,3
Sint Maarten (Dutch part),2014,3
Sint Maarten (Dutch part),2015,3
Sint Maarten (Dutch part),2016,3
Slovakia,2001,472
Slovakia,2002,444
Slovakia,2003,414
Slovakia,2004,409
Slovakia,2005,368
Slovakia,2006,248
Slovakia,2007,279
Slovakia,2008,317
Slovakia,2009,401
Slovakia,2010,461
Slovakia,2011,546
Slovakia,2012,662
Slovakia,2013,701
Slovakia,2014,799
Slovakia,2015,820
Slovakia,2016,990
Slovenia,2001,2415
Slovenia,2002,390
Slovenia,2003,2069
Slovenia,2004,304
Slovenia,2005,251
Slovenia,2006,254
Slovenia,2007,263
Slovenia,2008,268
Slovenia,2009,289
Slovenia,2010,314
Slovenia,2011,142
Slovenia,2012,176
Slovenia,2013,213
Slovenia,2014,257
Slovenia,2015,292
Slovenia,2016,462
Solomon Islands,2014,3
Solomon Islands,2015,3
Somalia,2001,589
Somalia,2002,199
Somalia,2003,368
Somalia,2004,357
Somalia,2005,493
Somalia,2006,669
Somalia,2007,901
Somalia,2008,1842
Somalia,2009,1815
Somalia,2010,1937
Somalia,2011,2099
Somalia,2012,2309
Somalia,2013,2425
Somalia,2014,2729
Somalia,2015,8081
Somalia,2016,11574
South Africa,2001,18605
South Africa,2002,23344
South Africa,2003,26558
South Africa,2004,27683
South Africa,2005,29714
South Africa,2006,35086
South Africa,2007,36736
South Africa,2008,43546
South Africa,2009,47974
South Africa,2010,57899
South Africa,2011,57899
South Africa,2012,65233
South Africa,2013,65987
South Africa,2014,112192
South Africa,2015,121645
South Africa,2016,91043
South Sudan,2011,105023
South Sudan,2012,202581
South Sudan,2013,229587
South Sudan,2014,248152
South Sudan,2015,263016
South Sudan,2016,262560
Spain,2001,6806
Spain,2002,6780
Spain,2003,5900
Spain,2004,5686
Spain,2005,5374
Spain,2006,5275
Spain,2007,5147
Spain,2008,4661
Spain,2009,3970
Spain,2010,3820
Spain,2011,4228
Spain,2012,4510
Spain,2013,4637
Spain,2014,5798
Spain,2015,6457
Spain,2016,12989
Sri Lanka,2001,17
Sri Lanka,2002,28
Sri Lanka,2003,30
Sri Lanka,2004,63
Sri Lanka,2005,106
Sri Lanka,2006,162
Sri Lanka,2007,182
Sri Lanka,2008,269
Sri Lanka,2009,251
Sri Lanka,2010,223
Sri Lanka,2011,188
Sri Lanka,2012,110
Sri Lanka,2013,145
Sri Lanka,2014,511
Sri Lanka,2015,784
Sri Lanka,2016,604
Sudan,2001,349209
Sudan,2002,328176
Sudan,2003,138163
Sudan,2004,141588
Sudan,2005,147256
Sudan,2006,196200
Sudan,2007,222722
Sudan,2008,181605
Sudan,2009,186292
Sudan,2010,178308
Sudan,2011,139415
Sudan,2012,152194
Sudan,2013,159857
Sudan,2014,277833
Sudan,2015,309639
Sudan,2016,421466
Suriname,2007,1
Suriname,2008,1
Suriname,2009,1
Suriname,2010,1
Suriname,2015,1
Suriname,2016,1
Swaziland,2001,690
Swaziland,2002,653
Swaziland,2003,686
Swaziland,2004,704
Swaziland,2005,760
Swaziland,2006,752
Swaziland,2007,789
Swaziland,2008,775
Swaziland,2009,759
Swaziland,2010,759
Swaziland,2011,759
Swaziland,2012,505
Swaziland,2013,507
Swaziland,2014,515
Swaziland,2015,696
Swaziland,2016,728
Sweden,2001,146491
Sweden,2002,142193
Sweden,2003,112167
Sweden,2004,73408
Sweden,2005,74915
Sweden,2006,79913
Sweden,2007,75078
Sweden,2008,77038
Sweden,2009,81356
Sweden,2010,82629
Sweden,2011,86615
Sweden,2012,92872
Sweden,2013,114175
Sweden,2014,142207
Sweden,2015,169520
Sweden,2016,230164
Switzerland,2001,58494
Switzerland,2002,54113
Switzerland,2003,50144
Switzerland,2004,47678
Switzerland,2005,48030
Switzerland,2006,48523
Switzerland,2007,45653
Switzerland,2008,46132
Switzerland,2009,46203
Switzerland,2010,48813
Switzerland,2011,50416
Switzerland,2012,50747
Switzerland,2013,52464
Switzerland,2014,62620
Switzerland,2015,73336
Switzerland,2016,82681
Syrian Arab Rep.,2001,3351
Syrian Arab Rep.,2002,2918
Syrian Arab Rep.,2003,3681
Syrian Arab Rep.,2004,15604
Syrian Arab Rep.,2005,26089
Syrian Arab Rep.,2006,702209
Syrian Arab Rep.,2007,1503769
Syrian Arab Rep.,2008,1105698
Syrian Arab Rep.,2009,1054466
Syrian Arab Rep.,2010,1005472
Syrian Arab Rep.,2011,755445
Syrian Arab Rep.,2012,476506
Syrian Arab Rep.,2013,149292
Syrian Arab Rep.,2014,149140
Syrian Arab Rep.,2015,21113
Syrian Arab Rep.,2016,19809
Tajikistan,2001,15346
Tajikistan,2002,3437
Tajikistan,2003,3306
Tajikistan,2004,1834
Tajikistan,2005,1018
Tajikistan,2006,929
Tajikistan,2007,1133
Tajikistan,2008,1799
Tajikistan,2009,2679
Tajikistan,2010,3131
Tajikistan,2011,3323
Tajikistan,2012,2248
Tajikistan,2013,2048
Tajikistan,2014,2026
Tajikistan,2015,1969
Tajikistan,2016,2729
Thailand,2001,110711
Thailand,2002,112614
Thailand,2003,119053
Thailand,2004,121139
Thailand,2005,117053
Thailand,2006,133117
Thailand,2007,125643
Thailand,2008,112932
Thailand,2009,105297
Thailand,2010,96675
Thailand,2011,89253
Thailand,2012,84479
Thailand,2013,136499
Thailand,2014,130238
Thailand,2015,108261
Thailand,2016,106447
The former Yugoslav Rep. of Macedonia,2001,4363
The former Yugoslav Rep. of Macedonia,2002,2816
The former Yugoslav Rep. of Macedonia,2003,193
The former Yugoslav Rep. of Macedonia,2004,1004
The former Yugoslav Rep. of Macedonia,2005,1274
The former Yugoslav Rep. of Macedonia,2006,1240
The former Yugoslav Rep. of Macedonia,2007,1235
The former Yugoslav Rep. of Macedonia,2008,1672
The former Yugoslav Rep. of Macedonia,2009,1542
The former Yugoslav Rep. of Macedonia,2010,1398
The former Yugoslav Rep. of Macedonia,2011,1130
The former Yugoslav Rep. of Macedonia,2012,1077
The former Yugoslav Rep. of Macedonia,2013,982
The former Yugoslav Rep. of Macedonia,2014,883
The former Yugoslav Rep. of Macedonia,2015,701
The former Yugoslav Rep. of Macedonia,2016,637
Timor-Leste,2002,1
Timor-Leste,2003,3
Timor-Leste,2004,3
Timor-Leste,2005,3
Timor-Leste,2006,3
Timor-Leste,2007,1
Timor-Leste,2008,1
Timor-Leste,2009,1
Timor-Leste,2010,1
Togo,2001,12257
Togo,2002,12294
Togo,2003,12395
Togo,2004,11285
Togo,2005,9287
Togo,2006,6328
Togo,2007,1328
Togo,2008,9377
Togo,2009,8531
Togo,2010,14051
Togo,2011,19270
Togo,2012,23540
Togo,2013,20613
Togo,2014,21778
Togo,2015,21953
Togo,2016,12491
Tonga,2011,2
Tonga,2012,3
Tonga,2013,3
Trinidad and Tobago,2007,22
Trinidad and Tobago,2008,33
Trinidad and Tobago,2009,37
Trinidad and Tobago,2010,29
Trinidad and Tobago,2011,22
Trinidad and Tobago,2012,18
Trinidad and Tobago,2013,20
Trinidad and Tobago,2014,83
Trinidad and Tobago,2015,113
Trinidad and Tobago,2016,109
Tunisia,2001,97
Tunisia,2002,102
Tunisia,2003,99
Tunisia,2004,90
Tunisia,2005,87
Tunisia,2006,93
Tunisia,2007,101
Tunisia,2008,94
Tunisia,2009,92
Tunisia,2010,89
Tunisia,2011,4097
Tunisia,2012,1435
Tunisia,2013,730
Tunisia,2014,901
Tunisia,2015,665
Tunisia,2016,649
Turkey,2001,3472
Turkey,2002,3301
Turkey,2003,2490
Turkey,2004,3033
Turkey,2005,2399
Turkey,2006,2633
Turkey,2007,6956
Turkey,2008,11103
Turkey,2009,10350
Turkey,2010,10032
Turkey,2011,14465
Turkey,2012,267063
Turkey,2013,609938
Turkey,2014,1587374
Turkey,2015,2541352
Turkey,2016,2869421
Turkmenistan,2001,14005
Turkmenistan,2002,13693
Turkmenistan,2003,13511
Turkmenistan,2004,13253
Turkmenistan,2005,11963
Turkmenistan,2006,750
Turkmenistan,2007,125
Turkmenistan,2008,79
Turkmenistan,2009,60
Turkmenistan,2010,62
Turkmenistan,2011,59
Turkmenistan,2012,46
Turkmenistan,2013,45
Turkmenistan,2014,35
Turkmenistan,2015,26
Turkmenistan,2016,27
Turks and Caicos Islands,2013,4
Turks and Caicos Islands,2014,4
Turks and Caicos Islands,2015,4
Turks and Caicos Islands,2016,4
Uganda,2001,199736
Uganda,2002,217302
Uganda,2003,230903
Uganda,2004,250482
Uganda,2005,257256
Uganda,2006,272007
Uganda,2007,228959
Uganda,2008,162132
Uganda,2009,127345
Uganda,2010,135801
Uganda,2011,139448
Uganda,2012,197877
Uganda,2013,220555
Uganda,2014,385513
Uganda,2015,477187
Uganda,2016,940835
Ukraine,2001,2983
Ukraine,2002,2966
Ukraine,2003,2877
Ukraine,2004,2459
Ukraine,2005,2346
Ukraine,2006,2275
Ukraine,2007,7277
Ukraine,2008,7201
Ukraine,2009,7334
Ukraine,2010,3022
Ukraine,2011,3176
Ukraine,2012,2807
Ukraine,2013,2968
Ukraine,2014,3219
Ukraine,2015,3273
Ukraine,2016,3302
United Arab Emirates,2001,556
United Arab Emirates,2002,163
United Arab Emirates,2003,160
United Arab Emirates,2004,105
United Arab Emirates,2005,104
United Arab Emirates,2006,174
United Arab Emirates,2007,159
United Arab Emirates,2008,209
United Arab Emirates,2009,279
United Arab Emirates,2010,538
United Arab Emirates,2011,677
United Arab Emirates,2012,631
United Arab Emirates,2013,603
United Arab Emirates,2014,417
United Arab Emirates,2015,663
United Arab Emirates,2016,895
United Kingdom,2001,233389
United Kingdom,2002,260687
United Kingdom,2003,276521
United Kingdom,2004,298844
United Kingdom,2005,303181
United Kingdom,2006,301556
United Kingdom,2007,299718
United Kingdom,2008,292097
United Kingdom,2009,269363
United Kingdom,2010,238150
United Kingdom,2011,193510
United Kingdom,2012,149799
United Kingdom,2013,126055
United Kingdom,2014,117234
United Kingdom,2015,123067
United Kingdom,2016,118995
United Rep. of Tanzania,2001,646900
United Rep. of Tanzania,2002,689373
United Rep. of Tanzania,2003,649770
United Rep. of Tanzania,2004,602088
United Rep. of Tanzania,2005,548824
United Rep. of Tanzania,2006,485295
United Rep. of Tanzania,2007,435630
United Rep. of Tanzania,2008,321909
United Rep. of Tanzania,2009,118731
United Rep. of Tanzania,2010,109286
United Rep. of Tanzania,2011,131243
United Rep. of Tanzania,2012,101021
United Rep. of Tanzania,2013,102099
United Rep. of Tanzania,2014,88492
United Rep. of Tanzania,2015,211845
United Rep. of Tanzania,2016,281498
United States,2001,515853
United States,2002,485171
United States,2003,452548
United States,2004,420858
United States,2005,379340
United States,2006,843490
United States,2007,281216
United States,2008,279549
United States,2009,275459
United States,2010,264569
United States,2011,264763
United States,2012,262023
United States,2013,263662
United States,2014,267222
United States,2015,273202
United States,2016,272959
Uruguay,2001,90
Uruguay,2002,99
Uruguay,2003,91
Uruguay,2004,97
Uruguay,2005,121
Uruguay,2006,125
Uruguay,2007,140
Uruguay,2008,145
Uruguay,2009,168
Uruguay,2010,189
Uruguay,2011,174
Uruguay,2012,181
Uruguay,2013,203
Uruguay,2014,272
Uruguay,2015,301
Uruguay,2016,312
Uzbekistan,2001,39579
Uzbekistan,2002,44936
Uzbekistan,2003,44682
Uzbekistan,2004,44455
Uzbekistan,2005,43950
Uzbekistan,2006,1415
Uzbekistan,2007,1054
Uzbekistan,2008,821
Uzbekistan,2009,555
Uzbekistan,2010,311
Uzbekistan,2011,214
Uzbekistan,2012,176
Uzbekistan,2013,141
Uzbekistan,2014,125
Uzbekistan,2015,107
Uzbekistan,2016,27
Vanuatu,2007,1
Vanuatu,2008,3
Vanuatu,2009,4
Vanuatu,2010,4
Vanuatu,2012,2
Vanuatu,2013,2
Venezuela,2001,59
Venezuela,2002,58
Venezuela,2003,58
Venezuela,2004,244
Venezuela,2005,408
Venezuela,2006,720
Venezuela,2007,200907
Venezuela,2008,201161
Venezuela,2009,201313
Venezuela,2010,201547
Venezuela,2011,202022
Venezuela,2012,203644
Venezuela,2013,204340
Venezuela,2014,173600
Venezuela,2015,173754
Venezuela,2016,172053
Viet Nam,2001,15945
Viet Nam,2002,15945
Viet Nam,2003,15360
Viet Nam,2004,2360
Viet Nam,2005,2357
Viet Nam,2006,2357
Viet Nam,2007,2357
Viet Nam,2008,2357
Viet Nam,2009,2357
Viet Nam,2010,1928
Viet Nam,2011,990
Yemen,2001,69468
Yemen,2002,82803
Yemen,2003,61881
Yemen,2004,66384
Yemen,2005,81937
Yemen,2006,95794
Yemen,2007,117363
Yemen,2008,140169
Yemen,2009,170854
Yemen,2010,190092
Yemen,2011,214740
Yemen,2012,237182
Yemen,2013,241288
Yemen,2014,257645
Yemen,2015,267173
Yemen,2016,269783
Zambia,2001,284173
Zambia,2002,246765
Zambia,2003,226697
Zambia,2004,173907
Zambia,2005,155718
Zambia,2006,120253
Zambia,2007,112931
Zambia,2008,83485
Zambia,2009,56785
Zambia,2010,47857
Zambia,2011,45632
Zambia,2012,25653
Zambia,2013,23594
Zambia,2014,25578
Zambia,2015,26447
Zambia,2016,29350
Zimbabwe,2001,8706
Zimbabwe,2002,9432
Zimbabwe,2003,12721
Zimbabwe,2004,6884
Zimbabwe,2005,13850
Zimbabwe,2006,3519
Zimbabwe,2007,3981
Zimbabwe,2008,3468
Zimbabwe,2009,3995
Zimbabwe,2010,4435
Zimbabwe,2011,4561
Zimbabwe,2012,4356
Zimbabwe,2013,6389
Zimbabwe,2014,6079
Zimbabwe,2015,6950
Zimbabwe,2016,7426
